{"cameraMode":{"drawMode":0,"name":"Shaded","section":"Shading Mode"},"sceneLighting":false,"audioPlay":false,"sceneViewState":{"showFog":true,"showMaterialUpdate":true,"showSkybox":false,"showFlares":true,"showImageEffects":true,"showParticleSystems":true},"in2DMode":false,"pivot":{"x":170.0015869140625,"y":306.94512939453127,"z":-352.7010498046875},"rotation":{"x":-0.17979073524475099,"y":0.3221721947193146,"z":-0.07629447430372238,"w":-0.9280810952186585},"size":3.066112756729126,"orthographic":false}