{"cameraMode":{"drawMode":0,"name":"Shaded","section":"Shading Mode"},"sceneLighting":false,"audioPlay":false,"sceneViewState":{"showFog":true,"showMaterialUpdate":true,"showSkybox":false,"showFlares":true,"showImageEffects":true,"showParticleSystems":true},"in2DMode":false,"pivot":{"x":16.685443878173829,"y":14.463296890258789,"z":-25.00074577331543},"rotation":{"x":0.22250424325466157,"y":-0.35544851422309878,"z":0.0904017835855484,"w":0.9041780233383179},"size":0.8660253882408142,"orthographic":false}