{"cameraMode":{"drawMode":0,"name":"Shaded","section":"Shading Mode"},"sceneLighting":true,"audioPlay":false,"sceneViewState":{"showFog":true,"showMaterialUpdate":true,"showSkybox":true,"showFlares":true,"showImageEffects":true,"showParticleSystems":true},"in2DMode":false,"pivot":{"x":-45.01015853881836,"y":42.2109375,"z":-10.808292388916016},"rotation":{"x":-0.23259106278419496,"y":0.33700722455978396,"z":-0.08421781659126282,"w":-0.9089874625205994},"size":17.367584228515626,"orthographic":false}