{"cameraMode":{"drawMode":0,"name":"Shaded","section":"Shading Mode"},"sceneLighting":false,"audioPlay":false,"sceneViewState":{"showFog":true,"showMaterialUpdate":true,"showSkybox":false,"showFlares":true,"showImageEffects":true,"showParticleSystems":true},"in2DMode":false,"pivot":{"x":312.6461181640625,"y":-1.1648772954940797,"z":-282.26336669921877},"rotation":{"x":-0.18235744535923005,"y":-0.7915766835212708,"z":0.28426602482795718,"w":-0.510221004486084},"size":97.44377136230469,"orthographic":false}