{"cameraMode":{"drawMode":0,"name":"Shaded","section":"Shading Mode"},"sceneLighting":false,"audioPlay":false,"sceneViewState":{"showFog":true,"showMaterialUpdate":true,"showSkybox":false,"showFlares":true,"showImageEffects":true,"showParticleSystems":true},"in2DMode":false,"pivot":{"x":1.5823274850845338,"y":2.322176933288574,"z":-4.5822367668151859},"rotation":{"x":-0.08757275342941284,"y":0.08765368163585663,"z":-0.005985075607895851,"w":-0.9928074479103088},"size":2.5842108726501467,"orthographic":false}