{"cameraMode":{"drawMode":0,"name":"Shaded","section":"Shading Mode"},"sceneLighting":false,"audioPlay":false,"sceneViewState":{"showFog":true,"showMaterialUpdate":true,"showSkybox":false,"showFlares":true,"showImageEffects":true,"showParticleSystems":true},"in2DMode":false,"pivot":{"x":-20.33243751525879,"y":16.346235275268556,"z":0.24627351760864259},"rotation":{"x":-0.29012489318847659,"y":0.41065454483032229,"z":-0.15053196251392365,"w":-0.8529844284057617},"size":3.546485662460327,"orthographic":false}