{"cameraMode":{"drawMode":0,"name":"Shaded","section":"Shading Mode"},"sceneLighting":false,"audioPlay":false,"sceneViewState":{"showFog":true,"showMaterialUpdate":true,"showSkybox":false,"showFlares":true,"showImageEffects":true,"showParticleSystems":true},"in2DMode":false,"pivot":{"x":-32.40095520019531,"y":17.620868682861329,"z":-9.571036338806153},"rotation":{"x":-0.0014353658771142364,"y":0.9958400726318359,"z":0.0008144558523781598,"w":-0.09627131372690201},"size":10.920249938964844,"orthographic":false}