{"cameraMode":{"drawMode":0,"name":"Shaded","section":"Shading Mode"},"sceneLighting":false,"audioPlay":false,"sceneViewState":{"showFog":true,"showMaterialUpdate":true,"showSkybox":false,"showFlares":true,"showImageEffects":true,"showParticleSystems":true},"in2DMode":false,"pivot":{"x":-0.9842114448547363,"y":-1.0985201597213746,"z":6.906378269195557},"rotation":{"x":-0.12012236565351486,"y":0.4148125648498535,"z":-0.06341151893138886,"w":-0.9014850854873657},"size":9.095131874084473,"orthographic":false}