{"cameraMode":{"drawMode":0,"name":"Shaded","section":"Shading Mode"},"sceneLighting":false,"audioPlay":false,"sceneViewState":{"showFog":true,"showMaterialUpdate":true,"showSkybox":false,"showFlares":true,"showImageEffects":true,"showParticleSystems":true},"in2DMode":false,"pivot":{"x":595.027099609375,"y":406.478759765625,"z":175.89389038085938},"rotation":{"x":-0.0027598212473094465,"y":-0.9941467642784119,"z":0.029210951179265977,"w":-0.10859429091215134},"size":56.12486267089844,"orthographic":false}