{"cameraMode":{"drawMode":0,"name":"Shaded","section":"Shading Mode"},"sceneLighting":false,"audioPlay":false,"sceneViewState":{"showFog":true,"showMaterialUpdate":true,"showSkybox":false,"showFlares":true,"showImageEffects":true,"showParticleSystems":true},"in2DMode":false,"pivot":{"x":3.0020358562469484,"y":0.9868417382240295,"z":-2.1806328296661379},"rotation":{"x":-0.04650033637881279,"y":0.5761981010437012,"z":-0.03968818485736847,"w":-0.8166834115982056},"size":2.8463475704193117,"orthographic":false}