{"cameraMode":{"drawMode":0,"name":"Shaded","section":"Shading Mode"},"sceneLighting":false,"audioPlay":false,"sceneViewState":{"showFog":true,"showMaterialUpdate":true,"showSkybox":false,"showFlares":true,"showImageEffects":true,"showParticleSystems":true},"in2DMode":false,"pivot":{"x":4.699408531188965,"y":1.6763604879379273,"z":-2.803495168685913},"rotation":{"x":0.1296243518590927,"y":-0.33162516355514529,"z":0.04605858027935028,"w":0.9333429336547852},"size":1.4387118816375733,"orthographic":false}