{"cameraMode":{"drawMode":0,"name":"Shaded","section":"Shading Mode"},"sceneLighting":true,"audioPlay":false,"sceneViewState":{"showFog":true,"showMaterialUpdate":true,"showSkybox":true,"showFlares":true,"showImageEffects":true,"showParticleSystems":true},"in2DMode":false,"pivot":{"x":448.00494384765627,"y":126.5623550415039,"z":-194.04225158691407},"rotation":{"x":-0.1333930939435959,"y":-0.1362713873386383,"z":-0.013245449401438237,"w":0.9830064177513123},"size":83.65567016601563,"orthographic":false}