{"cameraMode":{"drawMode":0,"name":"Shaded","section":"Shading Mode"},"sceneLighting":false,"audioPlay":false,"sceneViewState":{"showFog":true,"showMaterialUpdate":true,"showSkybox":false,"showFlares":true,"showImageEffects":true,"showParticleSystems":true},"in2DMode":false,"pivot":{"x":2.4000301361083986,"y":2.234391927719116,"z":-0.018299605697393419},"rotation":{"x":-0.2003578543663025,"y":0.45677536725997927,"z":-0.11315802484750748,"w":-0.8607243299484253},"size":2.897960662841797,"orthographic":false}