{"cameraMode":{"drawMode":0,"name":"Shaded","section":"Shading Mode"},"sceneLighting":false,"audioPlay":false,"sceneViewState":{"showFog":true,"showMaterialUpdate":true,"showSkybox":false,"showFlares":true,"showImageEffects":true,"showParticleSystems":true},"in2DMode":false,"pivot":{"x":251.02540588378907,"y":291.351318359375,"z":-503.4580078125},"rotation":{"x":-0.04469551146030426,"y":0.9570841193199158,"z":-0.1970258504152298,"w":-0.21009331941604615},"size":4.4984660148620609,"orthographic":false}