{"cameraMode":{"drawMode":0,"name":"Shaded","section":"Shading Mode"},"sceneLighting":false,"audioPlay":false,"sceneViewState":{"showFog":true,"showMaterialUpdate":true,"showSkybox":false,"showFlares":true,"showImageEffects":true,"showParticleSystems":true},"in2DMode":false,"pivot":{"x":-17.716018676757814,"y":18.40196418762207,"z":0.5427824258804321},"rotation":{"x":0.21634969115257264,"y":0.7400617599487305,"z":-0.25788190960884097,"w":0.5840927958488464},"size":4.408749103546143,"orthographic":false}