{"cameraMode":{"drawMode":0,"name":"Shaded","section":"Shading Mode"},"sceneLighting":false,"audioPlay":false,"sceneViewState":{"showFog":true,"showMaterialUpdate":true,"showSkybox":false,"showFlares":true,"showImageEffects":true,"showParticleSystems":true},"in2DMode":false,"pivot":{"x":43.233856201171878,"y":18.35548973083496,"z":6.216320991516113},"rotation":{"x":0.2586327791213989,"y":0.35448527336120608,"z":-0.1027018204331398,"w":0.892695426940918},"size":2.492766857147217,"orthographic":false}