{"cameraMode":{"drawMode":0,"name":"Shaded","section":"Shading Mode"},"sceneLighting":false,"audioPlay":false,"sceneViewState":{"showFog":true,"showMaterialUpdate":true,"showSkybox":false,"showFlares":true,"showImageEffects":true,"showParticleSystems":true},"in2DMode":false,"pivot":{"x":294.88897705078127,"y":39.667232513427737,"z":-289.43011474609377},"rotation":{"x":-0.15478244423866273,"y":-0.8448811173439026,"z":0.34981486201286318,"w":-0.37527433037757876},"size":158.77931213378907,"orthographic":false}