{"cameraMode":{"drawMode":0,"name":"Shaded","section":"Shading Mode"},"sceneLighting":false,"audioPlay":false,"sceneViewState":{"showFog":true,"showMaterialUpdate":true,"showSkybox":false,"showFlares":true,"showImageEffects":true,"showParticleSystems":true},"in2DMode":false,"pivot":{"x":-15.046530723571778,"y":18.54436683654785,"z":14.999985694885254},"rotation":{"x":-0.09860483556985855,"y":0.8155178427696228,"z":-0.1560545265674591,"w":-0.550903856754303},"size":11.338540077209473,"orthographic":false}