{"cameraMode":{"drawMode":0,"name":"Shaded","section":"Shading Mode"},"sceneLighting":false,"audioPlay":false,"sceneViewState":{"showFog":true,"showMaterialUpdate":true,"showSkybox":false,"showFlares":true,"showImageEffects":true,"showParticleSystems":true},"in2DMode":false,"pivot":{"x":167.9518585205078,"y":304.1756896972656,"z":-353.6897888183594},"rotation":{"x":-0.13274888694286347,"y":0.26909613609313967,"z":-0.05085877329111099,"w":-0.9542818665504456},"size":0.8660253882408142,"orthographic":false}