{"cameraMode":{"drawMode":0,"name":"Shaded","section":"Shading Mode"},"sceneLighting":true,"audioPlay":false,"sceneViewState":{"showFog":true,"showMaterialUpdate":true,"showSkybox":true,"showFlares":true,"showImageEffects":true,"showParticleSystems":true},"in2DMode":false,"pivot":{"x":311.8276672363281,"y":47.63788604736328,"z":-140.54483032226563},"rotation":{"x":-0.007157767191529274,"y":0.9773895144462586,"z":0.028310421854257585,"w":0.212034672498703},"size":2.5842108726501467,"orthographic":false}