{"cameraMode":{"drawMode":0,"name":"Shaded","section":"Shading Mode"},"sceneLighting":false,"audioPlay":false,"sceneViewState":{"showFog":true,"showMaterialUpdate":true,"showSkybox":false,"showFlares":true,"showImageEffects":true,"showParticleSystems":true},"in2DMode":false,"pivot":{"x":46.97050094604492,"y":17.447385787963868,"z":7.9285888671875},"rotation":{"x":0.11812673509120941,"y":-0.30600425601005556,"z":0.03829597681760788,"w":0.943902313709259},"size":2.492766857147217,"orthographic":false}