{"cameraMode":{"drawMode":0,"name":"Shaded","section":"Shading Mode"},"sceneLighting":true,"audioPlay":false,"sceneViewState":{"showFog":true,"showMaterialUpdate":true,"showSkybox":true,"showFlares":true,"showImageEffects":true,"showParticleSystems":true},"in2DMode":false,"pivot":{"x":206.76271057128907,"y":133.1260223388672,"z":-1.5382158756256104},"rotation":{"x":-0.15621870756149293,"y":-0.19909991323947907,"z":0.01684686727821827,"w":-0.9690015316009522},"size":95.6025161743164,"orthographic":false}