{"cameraMode":{"drawMode":0,"name":"Shaded","section":"Shading Mode"},"sceneLighting":false,"audioPlay":false,"sceneViewState":{"showFog":true,"showMaterialUpdate":true,"showSkybox":false,"showFlares":true,"showImageEffects":true,"showParticleSystems":true},"in2DMode":false,"pivot":{"x":13.635653495788575,"y":17.022754669189454,"z":-21.23098373413086},"rotation":{"x":-0.16116784512996674,"y":-0.6533216834068298,"z":0.14056991040706635,"w":-0.7273179888725281},"size":2.795104742050171,"orthographic":false}