{"cameraMode":{"drawMode":0,"name":"Shaded","section":"Shading Mode"},"sceneLighting":false,"audioPlay":false,"sceneViewState":{"showFog":true,"showMaterialUpdate":true,"showSkybox":false,"showFlares":true,"showImageEffects":true,"showParticleSystems":true},"in2DMode":false,"pivot":{"x":-0.24745376408100129,"y":-0.5004355907440186,"z":-1.71674382686615},"rotation":{"x":-0.13391496241092683,"y":-0.17590242624282838,"z":-0.02416098490357399,"w":0.9749628305435181},"size":4.924112319946289,"orthographic":false}