{"cameraMode":{"drawMode":0,"name":"Shaded","section":"Shading Mode"},"sceneLighting":true,"audioPlay":false,"sceneViewState":{"showFog":true,"showMaterialUpdate":true,"showSkybox":true,"showFlares":true,"showImageEffects":true,"showParticleSystems":true},"in2DMode":false,"pivot":{"x":-157.39662170410157,"y":-39.96052169799805,"z":-53.44797897338867},"rotation":{"x":0.09220737218856812,"y":-0.8082312345504761,"z":0.13152827322483064,"w":0.5665756464004517},"size":197.239013671875,"orthographic":false}