{"cameraMode":{"drawMode":0,"name":"Shaded","section":"Shading Mode"},"sceneLighting":true,"audioPlay":false,"sceneViewState":{"showFog":true,"showMaterialUpdate":true,"showSkybox":true,"showFlares":true,"showImageEffects":true,"showParticleSystems":true},"in2DMode":false,"pivot":{"x":-87.23330688476563,"y":247.17076110839845,"z":80.5582046508789},"rotation":{"x":0.1710231453180313,"y":0.8050931692123413,"z":-0.27799752354621889,"w":0.49618324637413027},"size":113.2746353149414,"orthographic":false}