{"cameraMode":{"drawMode":0,"name":"Shaded","section":"Shading Mode"},"sceneLighting":false,"audioPlay":false,"sceneViewState":{"showFog":true,"showMaterialUpdate":true,"showSkybox":false,"showFlares":true,"showImageEffects":true,"showParticleSystems":true},"in2DMode":false,"pivot":{"x":51.34330368041992,"y":19.453046798706056,"z":11.764640808105469},"rotation":{"x":0.18825671076774598,"y":-0.5678861737251282,"z":0.13536325097084046,"w":0.7897706031799316},"size":2.492766857147217,"orthographic":false}