{"cameraMode":{"drawMode":0,"name":"Shaded","section":"Shading Mode"},"sceneLighting":false,"audioPlay":false,"sceneViewState":{"showFog":true,"showMaterialUpdate":true,"showSkybox":false,"showFlares":true,"showImageEffects":true,"showParticleSystems":true},"in2DMode":false,"pivot":{"x":-3.553454637527466,"y":11.642349243164063,"z":-20.311424255371095},"rotation":{"x":0.16658362746238709,"y":0.09276226162910462,"z":-0.009021561592817307,"w":0.982587456703186},"size":1.155678391456604,"orthographic":false}