{"cameraMode":{"drawMode":0,"name":"Shaded","section":"Shading Mode"},"sceneLighting":true,"audioPlay":false,"sceneViewState":{"showFog":true,"showMaterialUpdate":true,"showSkybox":true,"showFlares":true,"showImageEffects":true,"showParticleSystems":true},"in2DMode":false,"pivot":{"x":-6.493764400482178,"y":23.907470703125,"z":2.6769561767578127},"rotation":{"x":0.2638314664363861,"y":0.028334027156233789,"z":-0.012697259895503521,"w":0.9651001691818237},"size":85.73656463623047,"orthographic":false}