{"cameraMode":{"drawMode":0,"name":"Shaded","section":"Shading Mode"},"sceneLighting":true,"audioPlay":false,"sceneViewState":{"showFog":true,"showMaterialUpdate":true,"showSkybox":true,"showFlares":true,"showImageEffects":true,"showParticleSystems":true},"in2DMode":false,"pivot":{"x":-19.3890438079834,"y":18.99224853515625,"z":5.48402214050293},"rotation":{"x":-0.24741628766059876,"y":0.35614827275276186,"z":-0.10275687277317047,"w":-0.8966473340988159},"size":13.892070770263672,"orthographic":false}