{"cameraMode":{"drawMode":0,"name":"Shaded","section":"Shading Mode"},"sceneLighting":false,"audioPlay":false,"sceneViewState":{"showFog":true,"showMaterialUpdate":true,"showSkybox":false,"showFlares":true,"showImageEffects":true,"showParticleSystems":true},"in2DMode":false,"pivot":{"x":-90.19999694824219,"y":26.1200008392334,"z":0.0},"rotation":{"x":0.20770956575870515,"y":-0.10159330070018769,"z":0.019491001963615419,"w":0.9734973311424255},"size":14.289420127868653,"orthographic":false}