{"cameraMode":{"drawMode":0,"name":"Shaded","section":"Shading Mode"},"sceneLighting":false,"audioPlay":false,"sceneViewState":{"showFog":true,"showMaterialUpdate":true,"showSkybox":false,"showFlares":true,"showImageEffects":true,"showParticleSystems":true},"in2DMode":false,"pivot":{"x":7.900313854217529,"y":1.3602114915847779,"z":-15.615047454833985},"rotation":{"x":0.043473854660987857,"y":-0.02397448755800724,"z":0.0010431241244077683,"w":0.9987720251083374},"size":2.5323407649993898,"orthographic":false}