{"cameraMode":{"drawMode":0,"name":"Shaded","section":"Shading Mode"},"sceneLighting":false,"audioPlay":false,"sceneViewState":{"showFog":true,"showMaterialUpdate":true,"showSkybox":false,"showFlares":true,"showImageEffects":true,"showParticleSystems":true},"in2DMode":false,"pivot":{"x":48.1148796081543,"y":18.753442764282228,"z":4.010509490966797},"rotation":{"x":0.1470322608947754,"y":-0.4232890009880066,"z":0.0698310062289238,"w":0.8912496566772461},"size":2.492766857147217,"orthographic":false}