{"cameraMode":{"drawMode":0,"name":"Shaded","section":"Shading Mode"},"sceneLighting":true,"audioPlay":false,"sceneViewState":{"showFog":true,"showMaterialUpdate":true,"showSkybox":true,"showFlares":true,"showImageEffects":true,"showParticleSystems":true},"in2DMode":false,"pivot":{"x":-79.552490234375,"y":0.12413501739501953,"z":55.65977478027344},"rotation":{"x":-0.006780331954360008,"y":0.5153639316558838,"z":-0.0166345052421093,"w":-0.8587239980697632},"size":130.101806640625,"orthographic":false}