{"cameraMode":{"drawMode":0,"name":"Shaded","section":"Shading Mode"},"sceneLighting":true,"audioPlay":false,"sceneViewState":{"showFog":true,"showMaterialUpdate":true,"showSkybox":true,"showFlares":true,"showImageEffects":true,"showParticleSystems":true},"in2DMode":false,"pivot":{"x":3176.310302734375,"y":-2612.01806640625,"z":-1650.1375732421875},"rotation":{"x":-0.159610316157341,"y":-0.8190047144889832,"z":0.27245548367500307,"w":-0.4807775318622589},"size":5123.005859375,"orthographic":false}