{"cameraMode":{"drawMode":0,"name":"Shaded","section":"Shading Mode"},"sceneLighting":false,"audioPlay":false,"sceneViewState":{"showFog":true,"showMaterialUpdate":true,"showSkybox":false,"showFlares":true,"showImageEffects":true,"showParticleSystems":true},"in2DMode":false,"pivot":{"x":3.7694008350372316,"y":7.067718029022217,"z":-8.121591567993164},"rotation":{"x":0.3011738061904907,"y":-0.12218242138624191,"z":0.040343496948480609,"w":0.9462195634841919},"size":0.9000173211097717,"orthographic":false}