{"cameraMode":{"drawMode":0,"name":"Shaded","section":"Shading Mode"},"sceneLighting":false,"audioPlay":false,"sceneViewState":{"showFog":true,"showMaterialUpdate":true,"showSkybox":false,"showFlares":true,"showImageEffects":true,"showParticleSystems":true},"in2DMode":false,"pivot":{"x":5.707655429840088,"y":6.208555698394775,"z":-6.8189921379089359},"rotation":{"x":0.05926421284675598,"y":-0.4481535851955414,"z":0.0376875214278698,"w":0.8928200006484985},"size":3.309535503387451,"orthographic":false}