{"cameraMode":{"drawMode":0,"name":"Shaded","section":"Shading Mode"},"sceneLighting":false,"audioPlay":false,"sceneViewState":{"showFog":true,"showMaterialUpdate":true,"showSkybox":false,"showFlares":true,"showImageEffects":true,"showParticleSystems":true},"in2DMode":false,"pivot":{"x":-20.12226676940918,"y":-0.4032135009765625,"z":-4.1853179931640629},"rotation":{"x":-0.02516406588256359,"y":-0.9626894593238831,"z":0.2637338638305664,"w":-0.06937935948371887},"size":77.9422836303711,"orthographic":false}