{"cameraMode":{"drawMode":0,"name":"Shaded","section":"Shading Mode"},"sceneLighting":false,"audioPlay":false,"sceneViewState":{"showFog":true,"showMaterialUpdate":true,"showSkybox":false,"showFlares":true,"showImageEffects":true,"showParticleSystems":true},"in2DMode":false,"pivot":{"x":9.321070671081543,"y":3.3168294429779054,"z":-3.0491185188293459},"rotation":{"x":-0.17468759417533875,"y":0.7363749146461487,"z":-0.2009562999010086,"w":-0.6229594349861145},"size":0.859807550907135,"orthographic":false}