{"cameraMode":{"drawMode":0,"name":"Shaded","section":"Shading Mode"},"sceneLighting":true,"audioPlay":false,"sceneViewState":{"showFog":true,"showMaterialUpdate":true,"showSkybox":true,"showFlares":true,"showImageEffects":true,"showParticleSystems":true},"in2DMode":false,"pivot":{"x":-100.96549224853516,"y":231.73046875,"z":-1044.8056640625},"rotation":{"x":-0.06444898247718811,"y":-0.9309762120246887,"z":0.20538480579853059,"w":-0.29681119322776797},"size":2.5842108726501467,"orthographic":false}