{"cameraMode":{"drawMode":0,"name":"Shaded","section":"Shading Mode"},"sceneLighting":false,"audioPlay":false,"sceneViewState":{"showFog":true,"showMaterialUpdate":true,"showSkybox":false,"showFlares":true,"showImageEffects":true,"showParticleSystems":true},"in2DMode":false,"pivot":{"x":-0.7878301739692688,"y":-0.6687714457511902,"z":0.349715918302536},"rotation":{"x":-0.2673046886920929,"y":0.4823565185070038,"z":-0.15292513370513917,"w":-0.8208053112030029},"size":0.859807550907135,"orthographic":false}