{"cameraMode":{"drawMode":0,"name":"Shaded","section":"Shading Mode"},"sceneLighting":false,"audioPlay":false,"sceneViewState":{"showFog":true,"showMaterialUpdate":true,"showSkybox":false,"showFlares":true,"showImageEffects":true,"showParticleSystems":true},"in2DMode":false,"pivot":{"x":-24.06011962890625,"y":17.33463478088379,"z":-0.305929958820343},"rotation":{"x":-0.04784749075770378,"y":0.3421444296836853,"z":-0.01569967158138752,"w":-0.9388067722320557},"size":2.7847304344177248,"orthographic":false}