{"cameraMode":{"drawMode":0,"name":"Shaded","section":"Shading Mode"},"sceneLighting":false,"audioPlay":false,"sceneViewState":{"showFog":true,"showMaterialUpdate":true,"showSkybox":false,"showFlares":true,"showImageEffects":true,"showParticleSystems":true},"in2DMode":false,"pivot":{"x":267.2273254394531,"y":309.4593200683594,"z":-563.1220703125},"rotation":{"x":-0.021346300840377809,"y":0.9805834293365479,"z":-0.13980813324451447,"w":-0.13935330510139466},"size":5.82894229888916,"orthographic":false}