{"cameraMode":{"drawMode":0,"name":"Shaded","section":"Shading Mode"},"sceneLighting":false,"audioPlay":false,"sceneViewState":{"showFog":true,"showMaterialUpdate":true,"showSkybox":false,"showFlares":true,"showImageEffects":true,"showParticleSystems":true},"in2DMode":false,"pivot":{"x":-20.7647762298584,"y":-14.314371109008789,"z":29.964385986328126},"rotation":{"x":-0.15622425079345704,"y":0.32548120617866518,"z":-0.05860985070466995,"w":-0.9323765635490418},"size":25.59034538269043,"orthographic":false}