{"cameraMode":{"drawMode":0,"name":"Shaded","section":"Shading Mode"},"sceneLighting":false,"audioPlay":false,"sceneViewState":{"showFog":true,"showMaterialUpdate":true,"showSkybox":false,"showFlares":true,"showImageEffects":true,"showParticleSystems":true},"in2DMode":false,"pivot":{"x":301.78564453125,"y":68.66201782226563,"z":-242.34893798828126},"rotation":{"x":0.27941280603408816,"y":-0.635058581829071,"z":0.2652818560600281,"w":0.6702042818069458},"size":85.73651885986328,"orthographic":false}