{"cameraMode":{"drawMode":0,"name":"Shaded","section":"Shading Mode"},"sceneLighting":false,"audioPlay":false,"sceneViewState":{"showFog":true,"showMaterialUpdate":true,"showSkybox":false,"showFlares":true,"showImageEffects":true,"showParticleSystems":true},"in2DMode":false,"pivot":{"x":-18.809999465942384,"y":15.670000076293946,"z":0.0},"rotation":{"x":-0.04705403372645378,"y":-0.9256734848022461,"z":0.3600779175758362,"w":-0.11302608251571655},"size":12.990381240844727,"orthographic":false}