{"cameraMode":{"drawMode":0,"name":"Shaded","section":"Shading Mode"},"sceneLighting":false,"audioPlay":false,"sceneViewState":{"showFog":true,"showMaterialUpdate":true,"showSkybox":false,"showFlares":true,"showImageEffects":true,"showParticleSystems":true},"in2DMode":false,"pivot":{"x":48.881072998046878,"y":-10.007619857788086,"z":-2.0126988887786867},"rotation":{"x":0.1293969452381134,"y":0.7012229561805725,"z":-0.13131219148635865,"w":0.6893704533576965},"size":42.740299224853519,"orthographic":false}