{"cameraMode":{"drawMode":0,"name":"Shaded","section":"Shading Mode"},"sceneLighting":false,"audioPlay":false,"sceneViewState":{"showFog":true,"showMaterialUpdate":true,"showSkybox":false,"showFlares":true,"showImageEffects":true,"showParticleSystems":true},"in2DMode":false,"pivot":{"x":1.778552532196045,"y":-0.8090810775756836,"z":-3.7850725650787355},"rotation":{"x":0.024881161749362947,"y":-0.1474021077156067,"z":0.011959187686443329,"w":0.9902486801147461},"size":3.597870349884033,"orthographic":false}