{"cameraMode":{"drawMode":0,"name":"Shaded","section":"Shading Mode"},"sceneLighting":false,"audioPlay":false,"sceneViewState":{"showFog":true,"showMaterialUpdate":true,"showSkybox":false,"showFlares":true,"showImageEffects":true,"showParticleSystems":true},"in2DMode":false,"pivot":{"x":257.1734313964844,"y":290.3453369140625,"z":-501.99896240234377},"rotation":{"x":-0.06831860542297363,"y":0.9143983721733093,"z":-0.16805629432201386,"w":-0.3632209897041321},"size":4.4984660148620609,"orthographic":false}