{"cameraMode":{"drawMode":0,"name":"Shaded","section":"Shading Mode"},"sceneLighting":false,"audioPlay":false,"sceneViewState":{"showFog":true,"showMaterialUpdate":true,"showSkybox":false,"showFlares":true,"showImageEffects":true,"showParticleSystems":true},"in2DMode":false,"pivot":{"x":0.5369468331336975,"y":0.41324305534362795,"z":-0.20907831192016602},"rotation":{"x":-0.1215076595544815,"y":-0.2531249225139618,"z":-0.03206363320350647,"w":0.9592379331588745},"size":2.5323407649993898,"orthographic":false}