{"cameraMode":{"drawMode":0,"name":"Shaded","section":"Shading Mode"},"sceneLighting":true,"audioPlay":false,"sceneViewState":{"showFog":true,"showMaterialUpdate":true,"showSkybox":true,"showFlares":true,"showImageEffects":true,"showParticleSystems":true},"in2DMode":false,"pivot":{"x":3497.288330078125,"y":-526.4912109375,"z":-21.129980087280275},"rotation":{"x":-0.06024827063083649,"y":-0.7071971297264099,"z":0.06174441799521446,"w":-0.702441394329071},"size":1901.448974609375,"orthographic":false}