{"cameraMode":{"drawMode":0,"name":"Shaded","section":"Shading Mode"},"sceneLighting":false,"audioPlay":false,"sceneViewState":{"showFog":true,"showMaterialUpdate":true,"showSkybox":false,"showFlares":true,"showImageEffects":true,"showParticleSystems":true},"in2DMode":false,"pivot":{"x":0.2187415063381195,"y":-4.699155330657959,"z":39.40485763549805},"rotation":{"x":-0.05465468019247055,"y":0.04828919097781181,"z":-0.0062738219276070599,"w":-0.9988718628883362},"size":25.59034538269043,"orthographic":false}