{"cameraMode":{"drawMode":0,"name":"Shaded","section":"Shading Mode"},"sceneLighting":false,"audioPlay":false,"sceneViewState":{"showFog":true,"showMaterialUpdate":true,"showSkybox":false,"showFlares":true,"showImageEffects":true,"showParticleSystems":true},"in2DMode":false,"pivot":{"x":695.2254638671875,"y":410.9417724609375,"z":267.13824462890627},"rotation":{"x":-0.01275807898491621,"y":0.9351815581321716,"z":-0.35286736488342287,"w":-0.03246774896979332},"size":121.24974822998047,"orthographic":false}