{"cameraMode":{"drawMode":0,"name":"Shaded","section":"Shading Mode"},"sceneLighting":false,"audioPlay":false,"sceneViewState":{"showFog":true,"showMaterialUpdate":true,"showSkybox":false,"showFlares":true,"showImageEffects":true,"showParticleSystems":true},"in2DMode":false,"pivot":{"x":4.414146423339844,"y":0.13030901551246644,"z":-5.242364883422852},"rotation":{"x":0.056056760251522067,"y":-0.3544428050518036,"z":0.021291786804795266,"w":0.933158814907074},"size":2.5323407649993898,"orthographic":false}