{"cameraMode":{"drawMode":0,"name":"Shaded","section":"Shading Mode"},"sceneLighting":false,"audioPlay":false,"sceneViewState":{"showFog":true,"showMaterialUpdate":true,"showSkybox":false,"showFlares":true,"showImageEffects":true,"showParticleSystems":true},"in2DMode":false,"pivot":{"x":72.80000305175781,"y":68.54283142089844,"z":-192.6354522705078},"rotation":{"x":-0.3148154318332672,"y":-0.03359821438789368,"z":0.011397440917789936,"w":-0.9489721655845642},"size":85.73651885986328,"orthographic":false}