{"cameraMode":{"drawMode":0,"name":"Shaded","section":"Shading Mode"},"sceneLighting":false,"audioPlay":false,"sceneViewState":{"showFog":true,"showMaterialUpdate":true,"showSkybox":false,"showFlares":true,"showImageEffects":true,"showParticleSystems":true},"in2DMode":false,"pivot":{"x":5.945158004760742,"y":2.392111301422119,"z":-3.5432024002075197},"rotation":{"x":-0.17850302159786225,"y":0.38167309761047366,"z":-0.07538558542728424,"w":-0.9037662744522095},"size":3.2865374088287355,"orthographic":false}