{"cameraMode":{"drawMode":0,"name":"Shaded","section":"Shading Mode"},"sceneLighting":false,"audioPlay":false,"sceneViewState":{"showFog":true,"showMaterialUpdate":true,"showSkybox":false,"showFlares":true,"showImageEffects":true,"showParticleSystems":true},"in2DMode":false,"pivot":{"x":14.253552436828614,"y":15.148719787597657,"z":-10.718378067016602},"rotation":{"x":0.07902669161558151,"y":0.47442570328712466,"z":-0.042813800275325778,"w":0.8757018446922302},"size":11.411661148071289,"orthographic":false}