{"cameraMode":{"drawMode":0,"name":"Shaded","section":"Shading Mode"},"sceneLighting":false,"audioPlay":false,"sceneViewState":{"showFog":true,"showMaterialUpdate":true,"showSkybox":false,"showFlares":true,"showImageEffects":true,"showParticleSystems":true},"in2DMode":false,"pivot":{"x":5.3142781257629398,"y":1.218433141708374,"z":-15.176531791687012},"rotation":{"x":-0.0997018814086914,"y":0.12800735235214234,"z":-0.01898626796901226,"w":-0.9881242513656616},"size":3.546485662460327,"orthographic":false}