{"cameraMode":{"drawMode":0,"name":"Shaded","section":"Shading Mode"},"sceneLighting":false,"audioPlay":false,"sceneViewState":{"showFog":true,"showMaterialUpdate":true,"showSkybox":false,"showFlares":true,"showImageEffects":true,"showParticleSystems":true},"in2DMode":false,"pivot":{"x":5.873779296875,"y":3.7590956687927248,"z":-3.8966805934906008},"rotation":{"x":-0.180688738822937,"y":0.4026230275630951,"z":-0.08140570670366287,"w":-0.8936609029769898},"size":1.4640811681747437,"orthographic":false}