{"cameraMode":{"drawMode":0,"name":"Shaded","section":"Shading Mode"},"sceneLighting":false,"audioPlay":false,"sceneViewState":{"showFog":true,"showMaterialUpdate":true,"showSkybox":false,"showFlares":true,"showImageEffects":true,"showParticleSystems":true},"in2DMode":false,"pivot":{"x":3.3246846199035646,"y":3.7268006801605226,"z":-3.6182143688201906},"rotation":{"x":-0.20405559241771699,"y":-0.004115124698728323,"z":0.000858050596434623,"w":-0.9789553880691528},"size":1.4640811681747437,"orthographic":false}