{"cameraMode":{"drawMode":0,"name":"Shaded","section":"Shading Mode"},"sceneLighting":false,"audioPlay":false,"sceneViewState":{"showFog":true,"showMaterialUpdate":true,"showSkybox":false,"showFlares":true,"showImageEffects":true,"showParticleSystems":true},"in2DMode":false,"pivot":{"x":10.750020980834961,"y":5.277303218841553,"z":-7.760624408721924},"rotation":{"x":-0.15559475123882295,"y":0.3396339416503906,"z":-0.05707859247922897,"w":-0.9258486032485962},"size":3.2865374088287355,"orthographic":false}