{"cameraMode":{"drawMode":0,"name":"Shaded","section":"Shading Mode"},"sceneLighting":false,"audioPlay":false,"sceneViewState":{"showFog":true,"showMaterialUpdate":true,"showSkybox":false,"showFlares":true,"showImageEffects":true,"showParticleSystems":true},"in2DMode":false,"pivot":{"x":4.601863861083984,"y":11.77722454071045,"z":-1.3317053318023682},"rotation":{"x":0.19482319056987763,"y":0.749439537525177,"z":-0.25477784872055056,"w":0.5800566673278809},"size":10.0,"orthographic":false}