{"cameraMode":{"drawMode":0,"name":"Shaded","section":"Shading Mode"},"sceneLighting":false,"audioPlay":false,"sceneViewState":{"showFog":true,"showMaterialUpdate":true,"showSkybox":false,"showFlares":true,"showImageEffects":true,"showParticleSystems":true},"in2DMode":false,"pivot":{"x":-0.2600713074207306,"y":16.780221939086915,"z":0.7053118348121643},"rotation":{"x":0.11926788836717606,"y":0.5084774494171143,"z":-0.07321234047412873,"w":0.8502088785171509},"size":10.0,"orthographic":false}