{"cameraMode":{"drawMode":0,"name":"Shaded","section":"Shading Mode"},"sceneLighting":false,"audioPlay":false,"sceneViewState":{"showFog":true,"showMaterialUpdate":true,"showSkybox":false,"showFlares":true,"showImageEffects":true,"showParticleSystems":true},"in2DMode":false,"pivot":{"x":-37.3071403503418,"y":16.45655632019043,"z":-3.9557995796203615},"rotation":{"x":-0.05164762958884239,"y":0.9007716178894043,"z":-0.10733253508806229,"w":-0.4187903106212616},"size":10.920249938964844,"orthographic":false}