{"cameraMode":{"drawMode":0,"name":"Shaded","section":"Shading Mode"},"sceneLighting":false,"audioPlay":false,"sceneViewState":{"showFog":true,"showMaterialUpdate":true,"showSkybox":false,"showFlares":true,"showImageEffects":true,"showParticleSystems":true},"in2DMode":false,"pivot":{"x":617.2157592773438,"y":391.84771728515627,"z":134.12989807128907},"rotation":{"x":-0.004840637091547251,"y":-0.9950550198554993,"z":-0.06648144870996475,"w":0.08001847565174103},"size":56.12486267089844,"orthographic":false}