{"cameraMode":{"drawMode":0,"name":"Shaded","section":"Shading Mode"},"sceneLighting":true,"audioPlay":false,"sceneViewState":{"showFog":true,"showMaterialUpdate":true,"showSkybox":true,"showFlares":true,"showImageEffects":true,"showParticleSystems":true},"in2DMode":false,"pivot":{"x":186.86766052246095,"y":185.74203491210938,"z":-82.21717834472656},"rotation":{"x":-0.23922675848007203,"y":0.10742345452308655,"z":0.03364481031894684,"w":0.9653934836387634},"size":69.8263931274414,"orthographic":false}