{"cameraMode":{"drawMode":0,"name":"Shaded","section":"Shading Mode"},"sceneLighting":true,"audioPlay":false,"sceneViewState":{"showFog":true,"showMaterialUpdate":true,"showSkybox":true,"showFlares":true,"showImageEffects":true,"showParticleSystems":true},"in2DMode":false,"pivot":{"x":-598.1030883789063,"y":-387.0849609375,"z":411.1696472167969},"rotation":{"x":0.22402720153331757,"y":-0.4471035301685333,"z":0.1116950511932373,"w":0.8594484329223633},"size":425.3116149902344,"orthographic":false}