{"cameraMode":{"drawMode":0,"name":"Shaded","section":"Shading Mode"},"sceneLighting":false,"audioPlay":false,"sceneViewState":{"showFog":true,"showMaterialUpdate":true,"showSkybox":false,"showFlares":true,"showImageEffects":true,"showParticleSystems":true},"in2DMode":false,"pivot":{"x":14.738201141357422,"y":18.732301712036134,"z":-23.139223098754884},"rotation":{"x":-0.10692678391933441,"y":0.4773748815059662,"z":-0.062090612947940829,"w":-0.8708475232124329},"size":2.795104742050171,"orthographic":false}