{"cameraMode":{"drawMode":0,"name":"Shaded","section":"Shading Mode"},"sceneLighting":false,"audioPlay":false,"sceneViewState":{"showFog":true,"showMaterialUpdate":true,"showSkybox":false,"showFlares":true,"showImageEffects":true,"showParticleSystems":true},"in2DMode":false,"pivot":{"x":-0.24917787313461305,"y":-1.7972524166107178,"z":-0.4876900911331177},"rotation":{"x":-0.11629100888967514,"y":0.8708177208900452,"z":-0.2761180102825165,"w":-0.39283183217048647},"size":4.800453186035156,"orthographic":false}