{"cameraMode":{"drawMode":0,"name":"Shaded","section":"Shading Mode"},"sceneLighting":false,"audioPlay":false,"sceneViewState":{"showFog":true,"showMaterialUpdate":true,"showSkybox":false,"showFlares":true,"showImageEffects":true,"showParticleSystems":true},"in2DMode":false,"pivot":{"x":47.753875732421878,"y":26.022785186767579,"z":-15.91516399383545},"rotation":{"x":0.09637347608804703,"y":-0.3264424204826355,"z":0.03562309965491295,"w":0.9403986930847168},"size":1.2247449159622193,"orthographic":false}