{"cameraMode":{"drawMode":0,"name":"Shaded","section":"Shading Mode"},"sceneLighting":false,"audioPlay":false,"sceneViewState":{"showFog":true,"showMaterialUpdate":true,"showSkybox":false,"showFlares":true,"showImageEffects":true,"showParticleSystems":true},"in2DMode":false,"pivot":{"x":12.921697616577149,"y":17.156051635742189,"z":-21.785560607910158},"rotation":{"x":-0.18942612409591676,"y":-0.29534342885017397,"z":0.05659065768122673,"w":-0.9355446696281433},"size":2.795104742050171,"orthographic":false}