{"cameraMode":{"drawMode":0,"name":"Shaded","section":"Shading Mode"},"sceneLighting":false,"audioPlay":false,"sceneViewState":{"showFog":true,"showMaterialUpdate":true,"showSkybox":false,"showFlares":true,"showImageEffects":true,"showParticleSystems":true},"in2DMode":false,"pivot":{"x":6.972784996032715,"y":2.303306818008423,"z":-10.321211814880371},"rotation":{"x":0.04169948771595955,"y":0.11692243814468384,"z":0.0049125864170491699,"w":-0.9922603964805603},"size":0.7941092252731323,"orthographic":false}