{"cameraMode":{"drawMode":0,"name":"Shaded","section":"Shading Mode"},"sceneLighting":false,"audioPlay":false,"sceneViewState":{"showFog":true,"showMaterialUpdate":true,"showSkybox":false,"showFlares":true,"showImageEffects":true,"showParticleSystems":true},"in2DMode":false,"pivot":{"x":46.71543502807617,"y":19.004070281982423,"z":7.866969585418701},"rotation":{"x":0.15372712910175324,"y":-0.45296910405158999,"z":0.07962176948785782,"w":0.874555230140686},"size":2.467921733856201,"orthographic":false}