{"cameraMode":{"drawMode":0,"name":"Shaded","section":"Shading Mode"},"sceneLighting":false,"audioPlay":false,"sceneViewState":{"showFog":true,"showMaterialUpdate":true,"showSkybox":false,"showFlares":true,"showImageEffects":true,"showParticleSystems":true},"in2DMode":false,"pivot":{"x":5.126345634460449,"y":1.6863857507705689,"z":0.3677404522895813},"rotation":{"x":0.04606397822499275,"y":-0.717540442943573,"z":0.056765057146549228,"w":0.6940547227859497},"size":1.155678391456604,"orthographic":false}