{"cameraMode":{"drawMode":0,"name":"Shaded","section":"Shading Mode"},"sceneLighting":true,"audioPlay":false,"sceneViewState":{"showFog":true,"showMaterialUpdate":true,"showSkybox":true,"showFlares":true,"showImageEffects":true,"showParticleSystems":true},"in2DMode":false,"pivot":{"x":252.59934997558595,"y":150.6649169921875,"z":-272.7072448730469},"rotation":{"x":-0.15289455652236939,"y":0.12103524059057236,"z":0.036669231951236728,"w":0.9819702506065369},"size":169.94512939453126,"orthographic":false}