{"cameraMode":{"drawMode":0,"name":"Shaded","section":"Shading Mode"},"sceneLighting":true,"audioPlay":false,"sceneViewState":{"showFog":true,"showMaterialUpdate":true,"showSkybox":true,"showFlares":true,"showImageEffects":true,"showParticleSystems":true},"in2DMode":false,"pivot":{"x":116.48641967773438,"y":73.79560852050781,"z":-61.260894775390628},"rotation":{"x":-0.13538114726543427,"y":-0.0893770307302475,"z":-0.00681782141327858,"w":0.9882321357727051},"size":79.1684799194336,"orthographic":false}