{"cameraMode":{"drawMode":0,"name":"Shaded","section":"Shading Mode"},"sceneLighting":false,"audioPlay":false,"sceneViewState":{"showFog":true,"showMaterialUpdate":true,"showSkybox":false,"showFlares":true,"showImageEffects":true,"showParticleSystems":true},"in2DMode":false,"pivot":{"x":-20.769363403320314,"y":14.06623363494873,"z":0.245103120803833},"rotation":{"x":-0.29012489318847659,"y":0.41065454483032229,"z":-0.15053196251392365,"w":-0.8529844284057617},"size":3.546485662460327,"orthographic":false}