{"cameraMode":{"drawMode":0,"name":"Shaded","section":"Shading Mode"},"sceneLighting":false,"audioPlay":false,"sceneViewState":{"showFog":true,"showMaterialUpdate":true,"showSkybox":false,"showFlares":true,"showImageEffects":true,"showParticleSystems":true},"in2DMode":false,"pivot":{"x":52.1423225402832,"y":23.769094467163087,"z":5.162368297576904},"rotation":{"x":0.2488393783569336,"y":-0.650560736656189,"z":0.23931726813316346,"w":0.6764394640922546},"size":2.492766857147217,"orthographic":false}