{"cameraMode":{"drawMode":0,"name":"Shaded","section":"Shading Mode"},"sceneLighting":false,"audioPlay":false,"sceneViewState":{"showFog":true,"showMaterialUpdate":true,"showSkybox":false,"showFlares":true,"showImageEffects":true,"showParticleSystems":true},"in2DMode":false,"pivot":{"x":-5.602177143096924,"y":7.010028839111328,"z":-9.03426742553711},"rotation":{"x":-0.35931849479675295,"y":-0.35680466890335085,"z":0.13983537256717683,"w":-0.8520833849906921},"size":1.1480854749679566,"orthographic":false}