{"cameraMode":{"drawMode":0,"name":"Shaded","section":"Shading Mode"},"sceneLighting":false,"audioPlay":false,"sceneViewState":{"showFog":true,"showMaterialUpdate":true,"showSkybox":false,"showFlares":true,"showImageEffects":true,"showParticleSystems":true},"in2DMode":false,"pivot":{"x":1.6506047248840333,"y":1.0649279356002808,"z":1.241841435432434},"rotation":{"x":-0.08825069665908814,"y":-0.9229689836502075,"z":0.283532977104187,"w":-0.25136297941207888},"size":4.614106178283691,"orthographic":false}