{"cameraMode":{"drawMode":0,"name":"Shaded","section":"Shading Mode"},"sceneLighting":false,"audioPlay":false,"sceneViewState":{"showFog":true,"showMaterialUpdate":true,"showSkybox":false,"showFlares":true,"showImageEffects":true,"showParticleSystems":true},"in2DMode":false,"pivot":{"x":-26.973766326904298,"y":16.75205421447754,"z":2.770951747894287},"rotation":{"x":-0.29012489318847659,"y":0.41065454483032229,"z":-0.15053196251392365,"w":-0.8529844284057617},"size":7.757529258728027,"orthographic":false}