{"cameraMode":{"drawMode":0,"name":"Shaded","section":"Shading Mode"},"sceneLighting":false,"audioPlay":false,"sceneViewState":{"showFog":true,"showMaterialUpdate":true,"showSkybox":false,"showFlares":true,"showImageEffects":true,"showParticleSystems":true},"in2DMode":false,"pivot":{"x":9.815096855163575,"y":2.6915178298950197,"z":-1.6757571697235108},"rotation":{"x":0.1539148986339569,"y":0.13380558788776399,"z":-0.01775878109037876,"w":0.980129063129425},"size":5.400014877319336,"orthographic":false}