{"cameraMode":{"drawMode":0,"name":"Shaded","section":"Shading Mode"},"sceneLighting":false,"audioPlay":false,"sceneViewState":{"showFog":true,"showMaterialUpdate":true,"showSkybox":false,"showFlares":true,"showImageEffects":true,"showParticleSystems":true},"in2DMode":false,"pivot":{"x":249.116455078125,"y":25.551300048828126,"z":-325.1041564941406},"rotation":{"x":-0.11457765847444534,"y":-0.8847704529762268,"z":0.30563342571258547,"w":-0.33409205079078677},"size":85.73651885986328,"orthographic":false}