{"cameraMode":{"drawMode":0,"name":"Shaded","section":"Shading Mode"},"sceneLighting":false,"audioPlay":false,"sceneViewState":{"showFog":true,"showMaterialUpdate":true,"showSkybox":false,"showFlares":true,"showImageEffects":true,"showParticleSystems":true},"in2DMode":false,"pivot":{"x":123.51106262207031,"y":22.75307273864746,"z":-151.44859313964845},"rotation":{"x":0.014941737987101078,"y":-0.7395581007003784,"z":-0.03400472551584244,"w":-0.6744877696037293},"size":0.000023592599973198958,"orthographic":false}