{"cameraMode":{"drawMode":0,"name":"Shaded","section":"Shading Mode"},"sceneLighting":false,"audioPlay":false,"sceneViewState":{"showFog":true,"showMaterialUpdate":true,"showSkybox":false,"showFlares":true,"showImageEffects":true,"showParticleSystems":true},"in2DMode":false,"pivot":{"x":-25.052005767822267,"y":36.15073776245117,"z":-25.48162269592285},"rotation":{"x":0.20657360553741456,"y":-0.27820420265197756,"z":0.0715598538517952,"w":0.9370219707489014},"size":3.092329978942871,"orthographic":false}