{"cameraMode":{"drawMode":0,"name":"Shaded","section":"Shading Mode"},"sceneLighting":false,"audioPlay":false,"sceneViewState":{"showFog":true,"showMaterialUpdate":true,"showSkybox":false,"showFlares":true,"showImageEffects":true,"showParticleSystems":true},"in2DMode":false,"pivot":{"x":8.865945816040039,"y":1.680765986442566,"z":1.9570181369781495},"rotation":{"x":-0.3444095849990845,"y":0.46505218744277956,"z":-0.2159259170293808,"w":-0.7884153723716736},"size":4.26481294631958,"orthographic":false}