{"cameraMode":{"drawMode":0,"name":"Shaded","section":"Shading Mode"},"sceneLighting":false,"audioPlay":false,"sceneViewState":{"showFog":true,"showMaterialUpdate":true,"showSkybox":false,"showFlares":true,"showImageEffects":true,"showParticleSystems":true},"in2DMode":false,"pivot":{"x":7.6606669425964359,"y":2.1082253456115724,"z":-19.126728057861329},"rotation":{"x":0.01048835925757885,"y":0.04677411541342735,"z":0.0004900168860331178,"w":-0.9988577961921692},"size":0.7941092252731323,"orthographic":false}