{"cameraMode":{"drawMode":0,"name":"Shaded","section":"Shading Mode"},"sceneLighting":false,"audioPlay":false,"sceneViewState":{"showFog":true,"showMaterialUpdate":true,"showSkybox":false,"showFlares":true,"showImageEffects":true,"showParticleSystems":true},"in2DMode":false,"pivot":{"x":30.631690979003908,"y":39.02932357788086,"z":-15.208579063415528},"rotation":{"x":0.018456043675541879,"y":-0.611293613910675,"z":0.014257538132369519,"w":0.7910714745521545},"size":14.289420127868653,"orthographic":false}