{"cameraMode":{"drawMode":0,"name":"Shaded","section":"Shading Mode"},"sceneLighting":false,"audioPlay":false,"sceneViewState":{"showFog":true,"showMaterialUpdate":true,"showSkybox":false,"showFlares":true,"showImageEffects":true,"showParticleSystems":true},"in2DMode":false,"pivot":{"x":-54.906578063964847,"y":15.671302795410157,"z":8.321917533874512},"rotation":{"x":-0.11034923791885376,"y":-0.5546890497207642,"z":0.06544020026922226,"w":-0.8231472373008728},"size":1.7037112712860108,"orthographic":false}