{"cameraMode":{"drawMode":0,"name":"Shaded","section":"Shading Mode"},"sceneLighting":false,"audioPlay":false,"sceneViewState":{"showFog":true,"showMaterialUpdate":true,"showSkybox":false,"showFlares":true,"showImageEffects":true,"showParticleSystems":true},"in2DMode":false,"pivot":{"x":-21.877643585205079,"y":17.312881469726564,"z":0.559999942779541},"rotation":{"x":-0.29012489318847659,"y":0.41065454483032229,"z":-0.15053196251392365,"w":-0.8529844284057617},"size":4.264811992645264,"orthographic":false}