{"cameraMode":{"drawMode":0,"name":"Shaded","section":"Shading Mode"},"sceneLighting":false,"audioPlay":false,"sceneViewState":{"showFog":true,"showMaterialUpdate":true,"showSkybox":false,"showFlares":true,"showImageEffects":true,"showParticleSystems":true},"in2DMode":false,"pivot":{"x":39.37897491455078,"y":81.60728454589844,"z":85.49027252197266},"rotation":{"x":0.07167788594961167,"y":-0.9255573749542236,"z":0.30605754256248476,"w":0.21482716500759126},"size":169.47183227539063,"orthographic":false}