{"cameraMode":{"drawMode":0,"name":"Shaded","section":"Shading Mode"},"sceneLighting":false,"audioPlay":false,"sceneViewState":{"showFog":true,"showMaterialUpdate":true,"showSkybox":false,"showFlares":true,"showImageEffects":true,"showParticleSystems":true},"in2DMode":false,"pivot":{"x":191.12449645996095,"y":311.2557678222656,"z":-332.32769775390627},"rotation":{"x":-0.19284427165985108,"y":0.2996872663497925,"z":-0.07059064507484436,"w":-0.9334014058113098},"size":10.0,"orthographic":false}