{"cameraMode":{"drawMode":0,"name":"Shaded","section":"Shading Mode"},"sceneLighting":false,"audioPlay":false,"sceneViewState":{"showFog":true,"showMaterialUpdate":true,"showSkybox":false,"showFlares":true,"showImageEffects":true,"showParticleSystems":true},"in2DMode":false,"pivot":{"x":91.43377685546875,"y":-7.116825103759766,"z":17.648012161254884},"rotation":{"x":-0.3336140215396881,"y":-0.27373477816581728,"z":0.1024719849228859,"w":-0.8967738151550293},"size":46.64530944824219,"orthographic":false}