{"cameraMode":{"drawMode":0,"name":"Shaded","section":"Shading Mode"},"sceneLighting":true,"audioPlay":false,"sceneViewState":{"showFog":true,"showMaterialUpdate":true,"showSkybox":true,"showFlares":true,"showImageEffects":true,"showParticleSystems":true},"in2DMode":false,"pivot":{"x":-83.29092407226563,"y":-97.97000885009766,"z":27.473581314086915},"rotation":{"x":0.21213610470294953,"y":-0.54616779088974,"z":0.16689497232437135,"w":0.7952812314033508},"size":121.26130676269531,"orthographic":false}