{"cameraMode":{"drawMode":0,"name":"Shaded","section":"Shading Mode"},"sceneLighting":false,"audioPlay":false,"sceneViewState":{"showFog":true,"showMaterialUpdate":true,"showSkybox":false,"showFlares":true,"showImageEffects":true,"showParticleSystems":true},"in2DMode":false,"pivot":{"x":272.4046630859375,"y":309.33001708984377,"z":-559.5675048828125},"rotation":{"x":0.0008006563293747604,"y":0.9308078289031982,"z":0.005246447864919901,"w":-0.3667946457862854},"size":5.82894229888916,"orthographic":false}