{"cameraMode":{"drawMode":0,"name":"Shaded","section":"Shading Mode"},"sceneLighting":false,"audioPlay":false,"sceneViewState":{"showFog":true,"showMaterialUpdate":true,"showSkybox":false,"showFlares":true,"showImageEffects":true,"showParticleSystems":true},"in2DMode":false,"pivot":{"x":7.540901184082031,"y":15.000229835510254,"z":-15.868856430053711},"rotation":{"x":-0.24714012444019319,"y":0.24260656535625459,"z":-0.0673794150352478,"w":-0.9364982843399048},"size":1.6138043403625489,"orthographic":false}