{"cameraMode":{"drawMode":0,"name":"Shaded","section":"Shading Mode"},"sceneLighting":false,"audioPlay":false,"sceneViewState":{"showFog":true,"showMaterialUpdate":true,"showSkybox":false,"showFlares":true,"showImageEffects":true,"showParticleSystems":true},"in2DMode":false,"pivot":{"x":447.9889221191406,"y":112.78700256347656,"z":-234.87818908691407},"rotation":{"x":-0.22878016531467439,"y":-0.4684578478336334,"z":0.12722870707511903,"w":-0.8439865708351135},"size":121.24974822998047,"orthographic":false}