{"cameraMode":{"drawMode":0,"name":"Shaded","section":"Shading Mode"},"sceneLighting":false,"audioPlay":false,"sceneViewState":{"showFog":true,"showMaterialUpdate":true,"showSkybox":false,"showFlares":true,"showImageEffects":true,"showParticleSystems":true},"in2DMode":false,"pivot":{"x":0.8631828427314758,"y":0.38473111391067507,"z":0.6655029058456421},"rotation":{"x":0.10185057669878006,"y":0.5701968669891357,"z":-0.05967110022902489,"w":0.8142604827880859},"size":3.1934711933135988,"orthographic":false}