{"cameraMode":{"drawMode":0,"name":"Shaded","section":"Shading Mode"},"sceneLighting":true,"audioPlay":false,"sceneViewState":{"showFog":true,"showMaterialUpdate":true,"showSkybox":true,"showFlares":true,"showImageEffects":true,"showParticleSystems":true},"in2DMode":false,"pivot":{"x":-39.32937240600586,"y":26.075708389282228,"z":33.99508285522461},"rotation":{"x":-0.021709000691771508,"y":-0.981732189655304,"z":0.17584817111492158,"w":-0.08068810403347016},"size":5.496152400970459,"orthographic":false}