{"cameraMode":{"drawMode":0,"name":"Shaded","section":"Shading Mode"},"sceneLighting":true,"audioPlay":false,"sceneViewState":{"showFog":true,"showMaterialUpdate":true,"showSkybox":true,"showFlares":true,"showImageEffects":true,"showParticleSystems":true},"in2DMode":false,"pivot":{"x":-51.111854553222659,"y":-2146.033203125,"z":2604.794189453125},"rotation":{"x":0.33833569288253786,"y":-0.00517054321244359,"z":0.000539918546564877,"w":0.9414736032485962},"size":3515.722412109375,"orthographic":false}