{"cameraMode":{"drawMode":0,"name":"Shaded","section":"Shading Mode"},"sceneLighting":false,"audioPlay":false,"sceneViewState":{"showFog":true,"showMaterialUpdate":true,"showSkybox":false,"showFlares":true,"showImageEffects":true,"showParticleSystems":true},"in2DMode":false,"pivot":{"x":45.73182678222656,"y":-1.5774421691894532,"z":-0.5379905700683594},"rotation":{"x":0.17727884650230409,"y":-0.1284654289484024,"z":0.020608561113476754,"w":0.9760190844535828},"size":80.08159637451172,"orthographic":false}