{"cameraMode":{"drawMode":0,"name":"Shaded","section":"Shading Mode"},"sceneLighting":true,"audioPlay":false,"sceneViewState":{"showFog":true,"showMaterialUpdate":true,"showSkybox":true,"showFlares":true,"showImageEffects":true,"showParticleSystems":true},"in2DMode":false,"pivot":{"x":49.699989318847659,"y":22.82860565185547,"z":-4.272953510284424},"rotation":{"x":-0.1802852898836136,"y":0.43399205803871157,"z":-0.08789978176355362,"w":-0.8789311647415161},"size":2.5842108726501467,"orthographic":false}