{"cameraMode":{"drawMode":0,"name":"Shaded","section":"Shading Mode"},"sceneLighting":false,"audioPlay":false,"sceneViewState":{"showFog":true,"showMaterialUpdate":true,"showSkybox":false,"showFlares":true,"showImageEffects":true,"showParticleSystems":true},"in2DMode":false,"pivot":{"x":1.1938694715499879,"y":5.445129871368408,"z":0.27738314867019656},"rotation":{"x":0.07441280037164688,"y":0.5828970074653626,"z":-0.04442230984568596,"w":0.80970698595047},"size":5.096202373504639,"orthographic":false}