{"cameraMode":{"drawMode":0,"name":"Shaded","section":"Shading Mode"},"sceneLighting":false,"audioPlay":false,"sceneViewState":{"showFog":true,"showMaterialUpdate":true,"showSkybox":false,"showFlares":true,"showImageEffects":true,"showParticleSystems":true},"in2DMode":false,"pivot":{"x":6.684597969055176,"y":0.014113523066043854,"z":-3.581451892852783},"rotation":{"x":0.10574192553758621,"y":-0.31532546877861025,"z":0.04563087224960327,"w":0.9436562061309815},"size":8.036383628845215,"orthographic":false}