{"cameraMode":{"drawMode":0,"name":"Shaded","section":"Shading Mode"},"sceneLighting":false,"audioPlay":false,"sceneViewState":{"showFog":true,"showMaterialUpdate":true,"showSkybox":false,"showFlares":true,"showImageEffects":true,"showParticleSystems":true},"in2DMode":false,"pivot":{"x":0.43320101499557497,"y":-0.8953263759613037,"z":5.519047737121582},"rotation":{"x":-0.11553070694208145,"y":0.18175926804542542,"z":-0.030845563858747484,"w":-0.9776107668876648},"size":7.408440589904785,"orthographic":false}