{"cameraMode":{"drawMode":0,"name":"Shaded","section":"Shading Mode"},"sceneLighting":false,"audioPlay":false,"sceneViewState":{"showFog":true,"showMaterialUpdate":true,"showSkybox":false,"showFlares":true,"showImageEffects":true,"showParticleSystems":true},"in2DMode":false,"pivot":{"x":81.81827545166016,"y":-5.6369853019714359,"z":3.786353349685669},"rotation":{"x":-0.4588494896888733,"y":-0.2327166199684143,"z":0.12655070424079896,"w":-0.8486559391021729},"size":46.64530944824219,"orthographic":false}