{"cameraMode":{"drawMode":0,"name":"Shaded","section":"Shading Mode"},"sceneLighting":true,"audioPlay":false,"sceneViewState":{"showFog":true,"showMaterialUpdate":true,"showSkybox":true,"showFlares":true,"showImageEffects":true,"showParticleSystems":true},"in2DMode":false,"pivot":{"x":231.47970581054688,"y":14.941864013671875,"z":34.316776275634769},"rotation":{"x":0.0147948507219553,"y":0.8940233588218689,"z":0.028584113344550134,"w":-0.4483507573604584},"size":34.012290954589847,"orthographic":false}