{"cameraMode":{"drawMode":0,"name":"Shaded","section":"Shading Mode"},"sceneLighting":false,"audioPlay":false,"sceneViewState":{"showFog":true,"showMaterialUpdate":true,"showSkybox":false,"showFlares":true,"showImageEffects":true,"showParticleSystems":true},"in2DMode":false,"pivot":{"x":-29.912521362304689,"y":13.829740524291993,"z":9.78125286102295},"rotation":{"x":-0.030869048088788987,"y":0.06891749799251557,"z":-0.0006103496998548508,"w":-0.9976326823234558},"size":10.920249938964844,"orthographic":false}