{"cameraMode":{"drawMode":0,"name":"Shaded","section":"Shading Mode"},"sceneLighting":false,"audioPlay":false,"sceneViewState":{"showFog":true,"showMaterialUpdate":true,"showSkybox":false,"showFlares":true,"showImageEffects":true,"showParticleSystems":true},"in2DMode":false,"pivot":{"x":65.67442321777344,"y":-3.2729759216308595,"z":24.794567108154298},"rotation":{"x":-0.35700783133506777,"y":0.0453934408724308,"z":-0.017175350338220598,"w":-0.9333376288414002},"size":85.73651885986328,"orthographic":false}