{"cameraMode":{"drawMode":0,"name":"Shaded","section":"Shading Mode"},"sceneLighting":true,"audioPlay":false,"sceneViewState":{"showFog":true,"showMaterialUpdate":true,"showSkybox":true,"showFlares":true,"showImageEffects":true,"showParticleSystems":true},"in2DMode":false,"pivot":{"x":8.650440216064454,"y":277.0372009277344,"z":107.87225341796875},"rotation":{"x":0.06883358210325241,"y":-0.8564947843551636,"z":0.49860572814941409,"w":0.11622799187898636},"size":312.1259460449219,"orthographic":false}