{"cameraMode":{"drawMode":0,"name":"Shaded","section":"Shading Mode"},"sceneLighting":true,"audioPlay":false,"sceneViewState":{"showFog":true,"showMaterialUpdate":true,"showSkybox":true,"showFlares":true,"showImageEffects":true,"showParticleSystems":true},"in2DMode":false,"pivot":{"x":-9.357124328613282,"y":23.559093475341798,"z":-17.151962280273439},"rotation":{"x":0.16768807172775269,"y":-0.06612102687358856,"z":0.012617872096598149,"w":0.9842939972877502},"size":5.845888137817383,"orthographic":false}