{"cameraMode":{"drawMode":0,"name":"Shaded","section":"Shading Mode"},"sceneLighting":true,"audioPlay":false,"sceneViewState":{"showFog":true,"showMaterialUpdate":true,"showSkybox":true,"showFlares":true,"showImageEffects":true,"showParticleSystems":true},"in2DMode":false,"pivot":{"x":-21.566699981689454,"y":-52.39162826538086,"z":119.38214874267578},"rotation":{"x":-0.21681885421276093,"y":0.2360907942056656,"z":-0.06335210055112839,"w":-0.9467436075210571},"size":82.3963394165039,"orthographic":false}