{"cameraMode":{"drawMode":0,"name":"Shaded","section":"Shading Mode"},"sceneLighting":false,"audioPlay":false,"sceneViewState":{"showFog":true,"showMaterialUpdate":true,"showSkybox":false,"showFlares":true,"showImageEffects":true,"showParticleSystems":true},"in2DMode":false,"pivot":{"x":5.511666297912598,"y":2.4296305179595949,"z":-3.1036999225616457},"rotation":{"x":-0.13301292061805726,"y":0.40956518054008486,"z":-0.07102981209754944,"w":-0.9014658331871033},"size":4.26481294631958,"orthographic":false}