{"cameraMode":{"drawMode":0,"name":"Shaded","section":"Shading Mode"},"sceneLighting":false,"audioPlay":false,"sceneViewState":{"showFog":true,"showMaterialUpdate":true,"showSkybox":false,"showFlares":true,"showImageEffects":true,"showParticleSystems":true},"in2DMode":false,"pivot":{"x":-6.526939868927002,"y":-4.815648555755615,"z":0.1618688553571701},"rotation":{"x":-0.20275507867336274,"y":0.6617780327796936,"z":-0.21316438913345338,"w":-0.691930890083313},"size":7.071067810058594,"orthographic":false}