{"cameraMode":{"drawMode":0,"name":"Shaded","section":"Shading Mode"},"sceneLighting":false,"audioPlay":false,"sceneViewState":{"showFog":true,"showMaterialUpdate":true,"showSkybox":false,"showFlares":true,"showImageEffects":true,"showParticleSystems":true},"in2DMode":false,"pivot":{"x":421.1178283691406,"y":-118.42548370361328,"z":-270.0221252441406},"rotation":{"x":-0.2866276800632477,"y":-0.696349561214447,"z":0.3649756610393524,"w":-0.5483810305595398},"size":158.77931213378907,"orthographic":false}