{"cameraMode":{"drawMode":0,"name":"Shaded","section":"Shading Mode"},"sceneLighting":true,"audioPlay":false,"sceneViewState":{"showFog":true,"showMaterialUpdate":true,"showSkybox":true,"showFlares":true,"showImageEffects":true,"showParticleSystems":true},"in2DMode":false,"pivot":{"x":-144.9932098388672,"y":-78.1367416381836,"z":190.3437042236328},"rotation":{"x":-0.16119763255119325,"y":0.3757789134979248,"z":-0.0655321329832077,"w":-0.9106675386428833},"size":294.1391296386719,"orthographic":false}