{"cameraMode":{"drawMode":0,"name":"Shaded","section":"Shading Mode"},"sceneLighting":false,"audioPlay":false,"sceneViewState":{"showFog":true,"showMaterialUpdate":true,"showSkybox":false,"showFlares":true,"showImageEffects":true,"showParticleSystems":true},"in2DMode":false,"pivot":{"x":5.47244930267334,"y":2.0779993534088136,"z":0.06840568035840988},"rotation":{"x":-0.15689730644226075,"y":0.3995456397533417,"z":-0.06961467117071152,"w":-0.9005080461502075},"size":3.2865374088287355,"orthographic":false}