{"cameraMode":{"drawMode":0,"name":"Shaded","section":"Shading Mode"},"sceneLighting":true,"audioPlay":false,"sceneViewState":{"showFog":true,"showMaterialUpdate":true,"showSkybox":true,"showFlares":true,"showImageEffects":true,"showParticleSystems":true},"in2DMode":false,"pivot":{"x":-8.97958755493164,"y":3.856642961502075,"z":11.344167709350586},"rotation":{"x":0.06948867440223694,"y":0.9166908860206604,"z":-0.18277938663959504,"w":0.34850388765335085},"size":13.14005184173584,"orthographic":false}