{"cameraMode":{"drawMode":0,"name":"Shaded","section":"Shading Mode"},"sceneLighting":false,"audioPlay":false,"sceneViewState":{"showFog":true,"showMaterialUpdate":true,"showSkybox":false,"showFlares":true,"showImageEffects":true,"showParticleSystems":true},"in2DMode":false,"pivot":{"x":-52.38856887817383,"y":15.511165618896485,"z":11.131911277770996},"rotation":{"x":-0.11034923791885376,"y":-0.5546890497207642,"z":0.06544020026922226,"w":-0.8231472373008728},"size":1.339461326599121,"orthographic":false}