{"cameraMode":{"drawMode":0,"name":"Shaded","section":"Shading Mode"},"sceneLighting":true,"audioPlay":false,"sceneViewState":{"showFog":true,"showMaterialUpdate":true,"showSkybox":true,"showFlares":true,"showImageEffects":true,"showParticleSystems":true},"in2DMode":false,"pivot":{"x":-599.7433471679688,"y":-988.1544799804688,"z":8.29234790802002},"rotation":{"x":0.3424149453639984,"y":-0.6179477572441101,"z":0.33922818303108218,"w":0.6224393248558044},"size":2168.970703125,"orthographic":false}