{"cameraMode":{"drawMode":0,"name":"Shaded","section":"Shading Mode"},"sceneLighting":false,"audioPlay":false,"sceneViewState":{"showFog":true,"showMaterialUpdate":true,"showSkybox":false,"showFlares":true,"showImageEffects":true,"showParticleSystems":true},"in2DMode":false,"pivot":{"x":259.2362365722656,"y":13.132793426513672,"z":-256.74432373046877},"rotation":{"x":-0.22356195747852326,"y":-0.760238766670227,"z":0.33392852544784548,"w":-0.5113959312438965},"size":85.73651885986328,"orthographic":false}