{"cameraMode":{"drawMode":0,"name":"Shaded","section":"Shading Mode"},"sceneLighting":false,"audioPlay":false,"sceneViewState":{"showFog":true,"showMaterialUpdate":true,"showSkybox":false,"showFlares":true,"showImageEffects":true,"showParticleSystems":true},"in2DMode":false,"pivot":{"x":663.7342529296875,"y":300.51806640625,"z":306.12237548828127},"rotation":{"x":0.000850249023642391,"y":0.0022867098450660707,"z":0.010496720671653748,"w":1.0010408163070679},"size":269.9146423339844,"orthographic":false}