{"cameraMode":{"drawMode":0,"name":"Shaded","section":"Shading Mode"},"sceneLighting":false,"audioPlay":false,"sceneViewState":{"showFog":true,"showMaterialUpdate":true,"showSkybox":false,"showFlares":true,"showImageEffects":true,"showParticleSystems":true},"in2DMode":false,"pivot":{"x":168.8799285888672,"y":10.936725616455079,"z":-171.97129821777345},"rotation":{"x":-0.2502065896987915,"y":-0.5803059339523315,"z":0.19373875856399537,"w":-0.7510152459144592},"size":85.73651885986328,"orthographic":false}