{"cameraMode":{"drawMode":0,"name":"Shaded","section":"Shading Mode"},"sceneLighting":false,"audioPlay":false,"sceneViewState":{"showFog":true,"showMaterialUpdate":true,"showSkybox":false,"showFlares":true,"showImageEffects":true,"showParticleSystems":true},"in2DMode":false,"pivot":{"x":-5.225091934204102,"y":4.680691719055176,"z":-4.137331008911133},"rotation":{"x":0.18498918414115907,"y":0.4263209402561188,"z":-0.0816906988620758,"w":0.8827607035636902},"size":2.846348524093628,"orthographic":false}