{"cameraMode":{"drawMode":0,"name":"Shaded","section":"Shading Mode"},"sceneLighting":true,"audioPlay":false,"sceneViewState":{"showFog":true,"showMaterialUpdate":true,"showSkybox":true,"showFlares":true,"showImageEffects":true,"showParticleSystems":true},"in2DMode":false,"pivot":{"x":-9.588776588439942,"y":12.754528045654297,"z":-17.83902359008789},"rotation":{"x":0.2923855483531952,"y":0.14081919193267823,"z":-0.040050942450761798,"w":0.9458156228065491},"size":30.412946701049806,"orthographic":false}