{"cameraMode":{"drawMode":0,"name":"Shaded","section":"Shading Mode"},"sceneLighting":false,"audioPlay":false,"sceneViewState":{"showFog":true,"showMaterialUpdate":true,"showSkybox":false,"showFlares":true,"showImageEffects":true,"showParticleSystems":true},"in2DMode":false,"pivot":{"x":-3.0410947799682619,"y":5.282901763916016,"z":5.374356746673584},"rotation":{"x":-0.0505673922598362,"y":0.32676810026168826,"z":-0.026341527700424196,"w":-0.9450961351394653},"size":9.095131874084473,"orthographic":false}