{"cameraMode":{"drawMode":0,"name":"Shaded","section":"Shading Mode"},"sceneLighting":true,"audioPlay":false,"sceneViewState":{"showFog":true,"showMaterialUpdate":true,"showSkybox":true,"showFlares":true,"showImageEffects":true,"showParticleSystems":true},"in2DMode":false,"pivot":{"x":132.78976440429688,"y":295.7540588378906,"z":-295.429931640625},"rotation":{"x":-0.194707453250885,"y":-0.20655705034732819,"z":0.02847183868288994,"w":-0.9601479172706604},"size":7.071067810058594,"orthographic":false}