{"cameraMode":{"drawMode":0,"name":"Shaded","section":"Shading Mode"},"sceneLighting":false,"audioPlay":false,"sceneViewState":{"showFog":true,"showMaterialUpdate":true,"showSkybox":false,"showFlares":true,"showImageEffects":true,"showParticleSystems":true},"in2DMode":false,"pivot":{"x":481.09735107421877,"y":-34.48872756958008,"z":-187.7590789794922},"rotation":{"x":-0.24703840911388398,"y":-0.5758107900619507,"z":0.18852464854717256,"w":-0.7568724155426025},"size":158.77931213378907,"orthographic":false}