{"cameraMode":{"drawMode":0,"name":"Shaded","section":"Shading Mode"},"sceneLighting":false,"audioPlay":false,"sceneViewState":{"showFog":true,"showMaterialUpdate":true,"showSkybox":false,"showFlares":true,"showImageEffects":true,"showParticleSystems":true},"in2DMode":false,"pivot":{"x":-2.947296142578125,"y":7.790212631225586,"z":-0.29535362124443056},"rotation":{"x":0.19644078612327577,"y":0.5393120050430298,"z":-0.12248668074607849,"w":0.8106939792633057},"size":9.1993989944458,"orthographic":false}