{"cameraMode":{"drawMode":0,"name":"Shaded","section":"Shading Mode"},"sceneLighting":false,"audioPlay":false,"sceneViewState":{"showFog":true,"showMaterialUpdate":true,"showSkybox":false,"showFlares":true,"showImageEffects":true,"showParticleSystems":true},"in2DMode":false,"pivot":{"x":16.66671371459961,"y":13.554271697998047,"z":-20.77407455444336},"rotation":{"x":-0.1758277416229248,"y":0.12820541858673097,"z":-0.03243189677596092,"w":-0.9767062067985535},"size":4.487649917602539,"orthographic":false}