{"cameraMode":{"drawMode":0,"name":"Shaded","section":"Shading Mode"},"sceneLighting":false,"audioPlay":false,"sceneViewState":{"showFog":true,"showMaterialUpdate":true,"showSkybox":false,"showFlares":true,"showImageEffects":true,"showParticleSystems":true},"in2DMode":false,"pivot":{"x":3.7541022300720217,"y":0.8086652755737305,"z":-0.6053409576416016},"rotation":{"x":-0.2665455937385559,"y":-0.19325390458106996,"z":0.04743378609418869,"w":-0.9440045952796936},"size":10.0,"orthographic":false}