{"cameraMode":{"drawMode":0,"name":"Shaded","section":"Shading Mode"},"sceneLighting":false,"audioPlay":false,"sceneViewState":{"showFog":true,"showMaterialUpdate":true,"showSkybox":false,"showFlares":true,"showImageEffects":true,"showParticleSystems":true},"in2DMode":false,"pivot":{"x":291.87896728515627,"y":76.33395385742188,"z":-521.569580078125},"rotation":{"x":-0.0008009663433767855,"y":-0.9980562329292297,"z":0.06680890917778015,"w":-0.02028932049870491},"size":158.77931213378907,"orthographic":false}