{"cameraMode":{"drawMode":0,"name":"Shaded","section":"Shading Mode"},"sceneLighting":true,"audioPlay":false,"sceneViewState":{"showFog":true,"showMaterialUpdate":true,"showSkybox":true,"showFlares":true,"showImageEffects":true,"showParticleSystems":true},"in2DMode":false,"pivot":{"x":412.86676025390627,"y":66.94903564453125,"z":-494.2010192871094},"rotation":{"x":-0.1212470680475235,"y":0.06048576906323433,"z":0.015226774848997593,"w":0.9914681315422058},"size":5.196152210235596,"orthographic":false}