{"cameraMode":{"drawMode":0,"name":"Shaded","section":"Shading Mode"},"sceneLighting":true,"audioPlay":false,"sceneViewState":{"showFog":true,"showMaterialUpdate":true,"showSkybox":true,"showFlares":true,"showImageEffects":true,"showParticleSystems":true},"in2DMode":false,"pivot":{"x":-19.1757869720459,"y":37.86200714111328,"z":-29.761363983154298},"rotation":{"x":0.23629452288150788,"y":-0.15060028433799745,"z":0.0432836189866066,"w":0.9597966074943543},"size":5.196152210235596,"orthographic":false}