{"cameraMode":{"drawMode":0,"name":"Shaded","section":"Shading Mode"},"sceneLighting":true,"audioPlay":false,"sceneViewState":{"showFog":true,"showMaterialUpdate":true,"showSkybox":true,"showFlares":true,"showImageEffects":true,"showParticleSystems":true},"in2DMode":false,"pivot":{"x":79.49205017089844,"y":22.913015365600587,"z":-50.39067840576172},"rotation":{"x":0.18500754237174989,"y":0.15036040544509889,"z":-0.019918372854590417,"w":0.9717901945114136},"size":5.196152210235596,"orthographic":false}