{"cameraMode":{"drawMode":0,"name":"Shaded","section":"Shading Mode"},"sceneLighting":false,"audioPlay":false,"sceneViewState":{"showFog":true,"showMaterialUpdate":true,"showSkybox":false,"showFlares":true,"showImageEffects":true,"showParticleSystems":true},"in2DMode":false,"pivot":{"x":-36.073238372802737,"y":11.933241844177246,"z":-10.490560531616211},"rotation":{"x":-0.03328306972980499,"y":0.9606771469116211,"z":-0.12210335582494736,"w":-0.24907884001731873},"size":10.0,"orthographic":false}