{"cameraMode":{"drawMode":0,"name":"Shaded","section":"Shading Mode"},"sceneLighting":false,"audioPlay":false,"sceneViewState":{"showFog":true,"showMaterialUpdate":true,"showSkybox":false,"showFlares":true,"showImageEffects":true,"showParticleSystems":true},"in2DMode":false,"pivot":{"x":0.5779807567596436,"y":0.35118648409843447,"z":-0.5090811848640442},"rotation":{"x":0.2593747079372406,"y":-0.32343271374702456,"z":0.09556876868009567,"w":0.9058383703231812},"size":0.8660253882408142,"orthographic":false}