{"cameraMode":{"drawMode":0,"name":"Shaded","section":"Shading Mode"},"sceneLighting":true,"audioPlay":false,"sceneViewState":{"showFog":true,"showMaterialUpdate":true,"showSkybox":true,"showFlares":true,"showImageEffects":true,"showParticleSystems":true},"in2DMode":false,"pivot":{"x":109.74700164794922,"y":64.53028106689453,"z":-211.9466094970703},"rotation":{"x":-0.33563894033432009,"y":0.0930963009595871,"z":0.03720439225435257,"w":0.9374823570251465},"size":34.63594436645508,"orthographic":false}