{"cameraMode":{"drawMode":0,"name":"Shaded","section":"Shading Mode"},"sceneLighting":false,"audioPlay":false,"sceneViewState":{"showFog":true,"showMaterialUpdate":true,"showSkybox":false,"showFlares":true,"showImageEffects":true,"showParticleSystems":true},"in2DMode":false,"pivot":{"x":42.37819290161133,"y":18.565065383911134,"z":8.263427734375},"rotation":{"x":0.15231575071811677,"y":0.6677414178848267,"z":-0.1423233300447464,"w":0.7146182060241699},"size":2.492766857147217,"orthographic":false}