{"cameraMode":{"drawMode":0,"name":"Shaded","section":"Shading Mode"},"sceneLighting":false,"audioPlay":false,"sceneViewState":{"showFog":true,"showMaterialUpdate":true,"showSkybox":false,"showFlares":true,"showImageEffects":true,"showParticleSystems":true},"in2DMode":false,"pivot":{"x":19.403656005859376,"y":14.649423599243164,"z":-19.459238052368165},"rotation":{"x":0.059816669672727588,"y":0.7225794196128845,"z":-0.06302331387996674,"w":0.6858096718788147},"size":10.0,"orthographic":false}