{"cameraMode":{"drawMode":0,"name":"Shaded","section":"Shading Mode"},"sceneLighting":true,"audioPlay":false,"sceneViewState":{"showFog":true,"showMaterialUpdate":true,"showSkybox":true,"showFlares":true,"showImageEffects":true,"showParticleSystems":true},"in2DMode":false,"pivot":{"x":-54.15421676635742,"y":-3.5580894947052,"z":-11.992317199707032},"rotation":{"x":0.14145712554454804,"y":-0.7719409465789795,"z":0.12107541412115097,"w":0.6104793548583984},"size":85.73651885986328,"orthographic":false}