{"cameraMode":{"drawMode":0,"name":"Shaded","section":"Shading Mode"},"sceneLighting":true,"audioPlay":false,"sceneViewState":{"showFog":true,"showMaterialUpdate":true,"showSkybox":true,"showFlares":true,"showImageEffects":true,"showParticleSystems":true},"in2DMode":false,"pivot":{"x":-37.846866607666019,"y":28.22511863708496,"z":-13.717599868774414},"rotation":{"x":0.18906424939632417,"y":-0.3703267276287079,"z":0.08751670271158219,"w":0.9069870114326477},"size":3.397135019302368,"orthographic":false}