{"cameraMode":{"drawMode":0,"name":"Shaded","section":"Shading Mode"},"sceneLighting":false,"audioPlay":false,"sceneViewState":{"showFog":true,"showMaterialUpdate":true,"showSkybox":false,"showFlares":true,"showImageEffects":true,"showParticleSystems":true},"in2DMode":false,"pivot":{"x":7.579912185668945,"y":4.784738063812256,"z":2.1530344486236574},"rotation":{"x":-0.07340779900550842,"y":0.885833740234375,"z":-0.15023651719093324,"w":-0.43283385038375857},"size":1.4239882230758668,"orthographic":false}