{"cameraMode":{"drawMode":0,"name":"Shaded","section":"Shading Mode"},"sceneLighting":false,"audioPlay":false,"sceneViewState":{"showFog":true,"showMaterialUpdate":true,"showSkybox":false,"showFlares":true,"showImageEffects":true,"showParticleSystems":true},"in2DMode":false,"pivot":{"x":685.0214233398438,"y":443.0238037109375,"z":188.2419891357422},"rotation":{"x":-0.007729586213827133,"y":0.9888032078742981,"z":-0.14115899801254273,"w":-0.050785280764102939},"size":121.24974822998047,"orthographic":false}