{"cameraMode":{"drawMode":0,"name":"Shaded","section":"Shading Mode"},"sceneLighting":false,"audioPlay":false,"sceneViewState":{"showFog":true,"showMaterialUpdate":true,"showSkybox":false,"showFlares":true,"showImageEffects":true,"showParticleSystems":true},"in2DMode":false,"pivot":{"x":2.3867297172546388,"y":-2.214003086090088,"z":-0.3433375656604767},"rotation":{"x":-0.06426075845956803,"y":0.0955924242734909,"z":-0.014939632266759873,"w":-0.9948592185974121},"size":9.095131874084473,"orthographic":false}