{"cameraMode":{"drawMode":0,"name":"Shaded","section":"Shading Mode"},"sceneLighting":false,"audioPlay":false,"sceneViewState":{"showFog":true,"showMaterialUpdate":true,"showSkybox":false,"showFlares":true,"showImageEffects":true,"showParticleSystems":true},"in2DMode":false,"pivot":{"x":486.5942687988281,"y":-28.30002784729004,"z":-227.5481719970703},"rotation":{"x":-0.20884215831756593,"y":-0.6712026596069336,"z":0.20634731650352479,"w":-0.6813769936561585},"size":158.77931213378907,"orthographic":false}