{"cameraMode":{"drawMode":0,"name":"Shaded","section":"Shading Mode"},"sceneLighting":false,"audioPlay":false,"sceneViewState":{"showFog":true,"showMaterialUpdate":true,"showSkybox":false,"showFlares":true,"showImageEffects":true,"showParticleSystems":true},"in2DMode":false,"pivot":{"x":5.263609409332275,"y":12.919683456420899,"z":5.329453468322754},"rotation":{"x":-0.423850417137146,"y":0.551965594291687,"z":-0.40423583984375,"w":-0.5956599116325378},"size":0.000017320508050033823,"orthographic":false}