{"cameraMode":{"drawMode":0,"name":"Shaded","section":"Shading Mode"},"sceneLighting":false,"audioPlay":false,"sceneViewState":{"showFog":true,"showMaterialUpdate":true,"showSkybox":false,"showFlares":true,"showImageEffects":true,"showParticleSystems":true},"in2DMode":false,"pivot":{"x":4.947277069091797,"y":1.5257841348648072,"z":-2.0813472270965578},"rotation":{"x":-0.2647464871406555,"y":0.01766018755733967,"z":-0.003410093951970339,"w":-0.9646511077880859},"size":4.4984660148620609,"orthographic":false}