{"cameraMode":{"drawMode":0,"name":"Shaded","section":"Shading Mode"},"sceneLighting":false,"audioPlay":false,"sceneViewState":{"showFog":true,"showMaterialUpdate":true,"showSkybox":false,"showFlares":true,"showImageEffects":true,"showParticleSystems":true},"in2DMode":false,"pivot":{"x":3.6358108520507814,"y":2.3442342281341554,"z":-6.162306308746338},"rotation":{"x":-0.053381260484457019,"y":-0.02093626745045185,"z":0.0073929340578615669,"w":0.999872088432312},"size":3.8978703022003176,"orthographic":false}