{"cameraMode":{"drawMode":0,"name":"Shaded","section":"Shading Mode"},"sceneLighting":false,"audioPlay":false,"sceneViewState":{"showFog":true,"showMaterialUpdate":true,"showSkybox":false,"showFlares":true,"showImageEffects":true,"showParticleSystems":true},"in2DMode":false,"pivot":{"x":-7.1482038497924809,"y":22.394479751586915,"z":1.6208492517471314},"rotation":{"x":0.11437229067087174,"y":0.7829642295837402,"z":-0.15388989448547364,"w":0.5926190614700317},"size":10.0,"orthographic":false}