{"cameraMode":{"drawMode":0,"name":"Shaded","section":"Shading Mode"},"sceneLighting":false,"audioPlay":false,"sceneViewState":{"showFog":true,"showMaterialUpdate":true,"showSkybox":false,"showFlares":true,"showImageEffects":true,"showParticleSystems":true},"in2DMode":false,"pivot":{"x":-51.610538482666019,"y":15.443633079528809,"z":10.380504608154297},"rotation":{"x":-0.11034923791885376,"y":-0.5546890497207642,"z":0.06544020026922226,"w":-0.8231472373008728},"size":1.7602355480194092,"orthographic":false}