{"cameraMode":{"drawMode":0,"name":"Shaded","section":"Shading Mode"},"sceneLighting":false,"audioPlay":false,"sceneViewState":{"showFog":true,"showMaterialUpdate":true,"showSkybox":false,"showFlares":true,"showImageEffects":true,"showParticleSystems":true},"in2DMode":false,"pivot":{"x":186.71534729003907,"y":21.8414363861084,"z":-226.09518432617188},"rotation":{"x":-0.13649065792560578,"y":-0.7724436521530151,"z":0.17763254046440125,"w":-0.5950329303741455},"size":85.73651885986328,"orthographic":false}