{"cameraMode":{"drawMode":0,"name":"Shaded","section":"Shading Mode"},"sceneLighting":true,"audioPlay":false,"sceneViewState":{"showFog":true,"showMaterialUpdate":true,"showSkybox":true,"showFlares":true,"showImageEffects":true,"showParticleSystems":true},"in2DMode":false,"pivot":{"x":-36.14849090576172,"y":14.170989990234375,"z":-18.25750160217285},"rotation":{"x":0.030312057584524156,"y":-0.9473333358764648,"z":0.10286813229322434,"w":0.30435216426849368},"size":29.04436492919922,"orthographic":false}