{"cameraMode":{"drawMode":0,"name":"Shaded","section":"Shading Mode"},"sceneLighting":false,"audioPlay":false,"sceneViewState":{"showFog":true,"showMaterialUpdate":true,"showSkybox":false,"showFlares":true,"showImageEffects":true,"showParticleSystems":true},"in2DMode":false,"pivot":{"x":11.217759132385254,"y":30.330148696899415,"z":-15.457514762878418},"rotation":{"x":0.0683019682765007,"y":-0.6322054862976074,"z":0.056095920503139499,"w":0.7697510123252869},"size":10.0,"orthographic":false}