{"cameraMode":{"drawMode":0,"name":"Shaded","section":"Shading Mode"},"sceneLighting":false,"audioPlay":false,"sceneViewState":{"showFog":true,"showMaterialUpdate":true,"showSkybox":false,"showFlares":true,"showImageEffects":true,"showParticleSystems":true},"in2DMode":false,"pivot":{"x":396.2050476074219,"y":116.97600555419922,"z":-237.28504943847657},"rotation":{"x":0.2585274279117584,"y":-0.6222807168960571,"z":0.2281218320131302,"w":0.7034728527069092},"size":27.1498966217041,"orthographic":false}