{"cameraMode":{"drawMode":0,"name":"Shaded","section":"Shading Mode"},"sceneLighting":false,"audioPlay":false,"sceneViewState":{"showFog":true,"showMaterialUpdate":true,"showSkybox":false,"showFlares":true,"showImageEffects":true,"showParticleSystems":true},"in2DMode":false,"pivot":{"x":599.8311157226563,"y":367.2120056152344,"z":201.8066864013672},"rotation":{"x":0.03768355771899223,"y":-0.934217631816864,"z":0.10192392766475678,"w":0.34118807315826418},"size":56.12486267089844,"orthographic":false}