{"cameraMode":{"drawMode":0,"name":"Shaded","section":"Shading Mode"},"sceneLighting":false,"audioPlay":false,"sceneViewState":{"showFog":true,"showMaterialUpdate":true,"showSkybox":false,"showFlares":true,"showImageEffects":true,"showParticleSystems":true},"in2DMode":false,"pivot":{"x":8.230386734008789,"y":17.34424591064453,"z":-7.611109733581543},"rotation":{"x":0.3710373640060425,"y":-0.4483398199081421,"z":0.21590429544448853,"w":0.7849957942962647},"size":1.6138043403625489,"orthographic":false}