{"cameraMode":{"drawMode":0,"name":"Shaded","section":"Shading Mode"},"sceneLighting":false,"audioPlay":false,"sceneViewState":{"showFog":true,"showMaterialUpdate":true,"showSkybox":false,"showFlares":true,"showImageEffects":true,"showParticleSystems":true},"in2DMode":false,"pivot":{"x":3.5544185638427736,"y":1.5395594835281373,"z":-1.203212857246399},"rotation":{"x":0.17455527186393739,"y":0.2467585802078247,"z":-0.03806108236312866,"w":0.953468382358551},"size":2.846348524093628,"orthographic":false}