{"cameraMode":{"drawMode":0,"name":"Shaded","section":"Shading Mode"},"sceneLighting":false,"audioPlay":false,"sceneViewState":{"showFog":true,"showMaterialUpdate":true,"showSkybox":false,"showFlares":true,"showImageEffects":true,"showParticleSystems":true},"in2DMode":false,"pivot":{"x":-0.1386251449584961,"y":-0.10154294967651367,"z":0.6340261697769165},"rotation":{"x":-0.2393478900194168,"y":0.6891083717346191,"z":-0.25408369302749636,"w":-0.6360155940055847},"size":4.330127239227295,"orthographic":false}