{"cameraMode":{"drawMode":0,"name":"Shaded","section":"Shading Mode"},"sceneLighting":false,"audioPlay":false,"sceneViewState":{"showFog":true,"showMaterialUpdate":true,"showSkybox":false,"showFlares":true,"showImageEffects":true,"showParticleSystems":true},"in2DMode":false,"pivot":{"x":1.1059579849243165,"y":4.847403526306152,"z":0.16436967253684998},"rotation":{"x":-0.04675104469060898,"y":-0.6831520795822144,"z":0.03470805287361145,"w":-0.7291018962860107},"size":8.435739517211914,"orthographic":false}