{"cameraMode":{"drawMode":0,"name":"Shaded","section":"Shading Mode"},"sceneLighting":false,"audioPlay":false,"sceneViewState":{"showFog":true,"showMaterialUpdate":true,"showSkybox":false,"showFlares":true,"showImageEffects":true,"showParticleSystems":true},"in2DMode":false,"pivot":{"x":-44.800052642822269,"y":34.28448486328125,"z":-36.94245147705078},"rotation":{"x":0.28023070096969607,"y":-0.28518328070640566,"z":0.09818203002214432,"w":0.9130734205245972},"size":3.570714235305786,"orthographic":false}