{"cameraMode":{"drawMode":0,"name":"Shaded","section":"Shading Mode"},"sceneLighting":false,"audioPlay":false,"sceneViewState":{"showFog":true,"showMaterialUpdate":true,"showSkybox":false,"showFlares":true,"showImageEffects":true,"showParticleSystems":true},"in2DMode":false,"pivot":{"x":2.634404182434082,"y":2.492154598236084,"z":2.9443609714508058},"rotation":{"x":-0.09188705682754517,"y":0.886456310749054,"z":-0.20009136199951173,"w":-0.4070843756198883},"size":1.4640811681747437,"orthographic":false}