{"cameraMode":{"drawMode":0,"name":"Shaded","section":"Shading Mode"},"sceneLighting":true,"audioPlay":false,"sceneViewState":{"showFog":true,"showMaterialUpdate":true,"showSkybox":true,"showFlares":true,"showImageEffects":true,"showParticleSystems":true},"in2DMode":false,"pivot":{"x":4455.59912109375,"y":-4508.71240234375,"z":-396.17010498046877},"rotation":{"x":-0.2568880319595337,"y":-0.6850531697273254,"z":0.2853034734725952,"w":-0.6198990345001221},"size":3315.53515625,"orthographic":false}