{"cameraMode":{"drawMode":0,"name":"Shaded","section":"Shading Mode"},"sceneLighting":false,"audioPlay":false,"sceneViewState":{"showFog":true,"showMaterialUpdate":true,"showSkybox":false,"showFlares":true,"showImageEffects":true,"showParticleSystems":true},"in2DMode":false,"pivot":{"x":6.577995300292969,"y":2.0890860557556154,"z":-10.469712257385254},"rotation":{"x":-0.024699518457055093,"y":0.2480938881635666,"z":-0.006329088006168604,"w":-0.9684082865715027},"size":0.7941092252731323,"orthographic":false}