{"cameraMode":{"drawMode":0,"name":"Shaded","section":"Shading Mode"},"sceneLighting":false,"audioPlay":false,"sceneViewState":{"showFog":true,"showMaterialUpdate":true,"showSkybox":false,"showFlares":true,"showImageEffects":true,"showParticleSystems":true},"in2DMode":false,"pivot":{"x":2.831268310546875,"y":1.371675729751587,"z":-0.7446300983428955},"rotation":{"x":-0.09535408765077591,"y":0.4394703209400177,"z":-0.04698007553815842,"w":-0.8919509053230286},"size":1.4640811681747437,"orthographic":false}