{"cameraMode":{"drawMode":0,"name":"Shaded","section":"Shading Mode"},"sceneLighting":false,"audioPlay":false,"sceneViewState":{"showFog":true,"showMaterialUpdate":true,"showSkybox":false,"showFlares":true,"showImageEffects":true,"showParticleSystems":true},"in2DMode":false,"pivot":{"x":23.674827575683595,"y":35.58048629760742,"z":-19.14035987854004},"rotation":{"x":0.12320840358734131,"y":0.34865206480026247,"z":-0.04629053547978401,"w":0.9279677271842957},"size":5.140348434448242,"orthographic":false}