{"cameraMode":{"drawMode":0,"name":"Shaded","section":"Shading Mode"},"sceneLighting":false,"audioPlay":false,"sceneViewState":{"showFog":true,"showMaterialUpdate":true,"showSkybox":false,"showFlares":true,"showImageEffects":true,"showParticleSystems":true},"in2DMode":false,"pivot":{"x":6.095241069793701,"y":1.7234528064727784,"z":-14.933042526245118},"rotation":{"x":-0.06480459868907929,"y":0.07044605910778046,"z":-0.01057183276861906,"w":-0.9968963861465454},"size":3.546485662460327,"orthographic":false}