{"cameraMode":{"drawMode":0,"name":"Shaded","section":"Shading Mode"},"sceneLighting":false,"audioPlay":false,"sceneViewState":{"showFog":true,"showMaterialUpdate":true,"showSkybox":false,"showFlares":true,"showImageEffects":true,"showParticleSystems":true},"in2DMode":false,"pivot":{"x":223.3359832763672,"y":88.97150421142578,"z":-233.3127899169922},"rotation":{"x":-0.189042329788208,"y":-0.7407642602920532,"z":0.23391364514827729,"w":-0.6014918684959412},"size":85.73651885986328,"orthographic":false}