{"cameraMode":{"drawMode":0,"name":"Shaded","section":"Shading Mode"},"sceneLighting":false,"audioPlay":false,"sceneViewState":{"showFog":true,"showMaterialUpdate":true,"showSkybox":false,"showFlares":true,"showImageEffects":true,"showParticleSystems":true},"in2DMode":false,"pivot":{"x":-3.927684783935547,"y":-0.12733712792396546,"z":5.823206901550293},"rotation":{"x":-0.11998901516199112,"y":0.26874682307243349,"z":-0.04093535989522934,"w":-0.9557004570960999},"size":9.220076560974121,"orthographic":false}