{"cameraMode":{"drawMode":0,"name":"Shaded","section":"Shading Mode"},"sceneLighting":false,"audioPlay":false,"sceneViewState":{"showFog":true,"showMaterialUpdate":true,"showSkybox":false,"showFlares":true,"showImageEffects":true,"showParticleSystems":true},"in2DMode":false,"pivot":{"x":41.40776824951172,"y":-26.867111206054689,"z":-7.969894886016846},"rotation":{"x":0.2317056953907013,"y":0.6610152721405029,"z":-0.22583574056625367,"w":0.6777193546295166},"size":42.740299224853519,"orthographic":false}