{"cameraMode":{"drawMode":0,"name":"Shaded","section":"Shading Mode"},"sceneLighting":true,"audioPlay":false,"sceneViewState":{"showFog":true,"showMaterialUpdate":true,"showSkybox":true,"showFlares":true,"showImageEffects":true,"showParticleSystems":true},"in2DMode":false,"pivot":{"x":41.39038848876953,"y":32.9420051574707,"z":11.681346893310547},"rotation":{"x":-0.3402635157108307,"y":0.04591601341962814,"z":-0.014936337247490883,"w":-0.9397158622741699},"size":69.36122131347656,"orthographic":false}