{"cameraMode":{"drawMode":0,"name":"Shaded","section":"Shading Mode"},"sceneLighting":false,"audioPlay":false,"sceneViewState":{"showFog":true,"showMaterialUpdate":true,"showSkybox":false,"showFlares":true,"showImageEffects":true,"showParticleSystems":true},"in2DMode":false,"pivot":{"x":347.4209899902344,"y":101.20184326171875,"z":-237.82257080078126},"rotation":{"x":0.3936786949634552,"y":0.3482323884963989,"z":-0.16389964520931245,"w":0.8353562951087952},"size":17.721960067749025,"orthographic":false}