{"cameraMode":{"drawMode":0,"name":"Shaded","section":"Shading Mode"},"sceneLighting":false,"audioPlay":false,"sceneViewState":{"showFog":true,"showMaterialUpdate":true,"showSkybox":false,"showFlares":true,"showImageEffects":true,"showParticleSystems":true},"in2DMode":false,"pivot":{"x":23.1759090423584,"y":10.225794792175293,"z":4.269672393798828},"rotation":{"x":0.09115932881832123,"y":-0.7421978712081909,"z":0.10436179488897324,"w":0.6576789617538452},"size":0.000017320508050033823,"orthographic":false}