{"cameraMode":{"drawMode":0,"name":"Shaded","section":"Shading Mode"},"sceneLighting":false,"audioPlay":false,"sceneViewState":{"showFog":true,"showMaterialUpdate":true,"showSkybox":false,"showFlares":true,"showImageEffects":true,"showParticleSystems":true},"in2DMode":false,"pivot":{"x":405.3572082519531,"y":90.92352294921875,"z":-220.6553955078125},"rotation":{"x":0.3599543571472168,"y":-0.03750219568610191,"z":0.014186768792569638,"w":0.9326372146606445},"size":27.1498966217041,"orthographic":false}