{"cameraMode":{"drawMode":0,"name":"Shaded","section":"Shading Mode"},"sceneLighting":false,"audioPlay":false,"sceneViewState":{"showFog":true,"showMaterialUpdate":true,"showSkybox":false,"showFlares":true,"showImageEffects":true,"showParticleSystems":true},"in2DMode":false,"pivot":{"x":6.618791580200195,"y":0.8420626521110535,"z":5.767154216766357},"rotation":{"x":0.023737315088510515,"y":-0.9124250411987305,"z":0.06917128711938858,"w":0.4057065546512604},"size":2.897960662841797,"orthographic":false}