{"cameraMode":{"drawMode":0,"name":"Shaded","section":"Shading Mode"},"sceneLighting":false,"audioPlay":false,"sceneViewState":{"showFog":true,"showMaterialUpdate":true,"showSkybox":false,"showFlares":true,"showImageEffects":true,"showParticleSystems":true},"in2DMode":false,"pivot":{"x":-8.024882316589356,"y":8.766935348510743,"z":0.15832892060279847},"rotation":{"x":-0.2176172286272049,"y":-0.7229224443435669,"z":0.24190005660057069,"w":-0.6117611527442932},"size":1.5000174045562745,"orthographic":false}