{"cameraMode":{"drawMode":0,"name":"Shaded","section":"Shading Mode"},"sceneLighting":false,"audioPlay":false,"sceneViewState":{"showFog":true,"showMaterialUpdate":true,"showSkybox":false,"showFlares":true,"showImageEffects":true,"showParticleSystems":true},"in2DMode":false,"pivot":{"x":2.091862201690674,"y":4.819590091705322,"z":-8.721282005310059},"rotation":{"x":0.3081027567386627,"y":0.02044486440718174,"z":-0.005617898888885975,"w":0.9524827599525452},"size":1.2000173330307007,"orthographic":false}