{"cameraMode":{"drawMode":0,"name":"Shaded","section":"Shading Mode"},"sceneLighting":false,"audioPlay":false,"sceneViewState":{"showFog":true,"showMaterialUpdate":true,"showSkybox":false,"showFlares":true,"showImageEffects":true,"showParticleSystems":true},"in2DMode":false,"pivot":{"x":4.201100826263428,"y":4.199800491333008,"z":-1.2996559143066407},"rotation":{"x":0.19702929258346559,"y":-0.6042526960372925,"z":0.1575172394514084,"w":0.7558490633964539},"size":1.7387118339538575,"orthographic":false}