{"cameraMode":{"drawMode":0,"name":"Shaded","section":"Shading Mode"},"sceneLighting":false,"audioPlay":false,"sceneViewState":{"showFog":true,"showMaterialUpdate":true,"showSkybox":false,"showFlares":true,"showImageEffects":true,"showParticleSystems":true},"in2DMode":false,"pivot":{"x":3.244137763977051,"y":16.659677505493165,"z":-9.363932609558106},"rotation":{"x":0.22721083462238313,"y":-0.5828263759613037,"z":0.17435136437416078,"w":0.7610569000244141},"size":11.783357620239258,"orthographic":false}