{"cameraMode":{"drawMode":0,"name":"Shaded","section":"Shading Mode"},"sceneLighting":false,"audioPlay":false,"sceneViewState":{"showFog":true,"showMaterialUpdate":true,"showSkybox":false,"showFlares":true,"showImageEffects":true,"showParticleSystems":true},"in2DMode":false,"pivot":{"x":44.82670211791992,"y":18.860002517700197,"z":4.908201217651367},"rotation":{"x":0.21578966081142426,"y":-0.0014645744813606144,"z":0.00032381454366259277,"w":0.9764403700828552},"size":2.492766857147217,"orthographic":false}