{"cameraMode":{"drawMode":0,"name":"Shaded","section":"Shading Mode"},"sceneLighting":false,"audioPlay":false,"sceneViewState":{"showFog":true,"showMaterialUpdate":true,"showSkybox":false,"showFlares":true,"showImageEffects":true,"showParticleSystems":true},"in2DMode":false,"pivot":{"x":8.834649085998536,"y":2.05088210105896,"z":-3.135042428970337},"rotation":{"x":-0.2408677190542221,"y":-0.3430839776992798,"z":0.095279760658741,"w":-0.9035614132881165},"size":0.859807550907135,"orthographic":false}