{"cameraMode":{"drawMode":0,"name":"Shaded","section":"Shading Mode"},"sceneLighting":false,"audioPlay":false,"sceneViewState":{"showFog":true,"showMaterialUpdate":true,"showSkybox":false,"showFlares":true,"showImageEffects":true,"showParticleSystems":true},"in2DMode":false,"pivot":{"x":7.173305988311768,"y":4.426229000091553,"z":-2.3304851055145265},"rotation":{"x":-0.31638196110725405,"y":0.4263521432876587,"z":-0.17321927845478059,"w":-0.8313691020011902},"size":8.036383628845215,"orthographic":false}