{"cameraMode":{"drawMode":0,"name":"Shaded","section":"Shading Mode"},"sceneLighting":false,"audioPlay":false,"sceneViewState":{"showFog":true,"showMaterialUpdate":true,"showSkybox":false,"showFlares":true,"showImageEffects":true,"showParticleSystems":true},"in2DMode":false,"pivot":{"x":0.0027283704839646818,"y":2.404364585876465,"z":2.012587070465088},"rotation":{"x":-0.0034276875667274,"y":0.048387594521045688,"z":-0.008809279650449753,"w":-1.0004020929336548},"size":9.095131874084473,"orthographic":false}