{"cameraMode":{"drawMode":0,"name":"Shaded","section":"Shading Mode"},"sceneLighting":false,"audioPlay":false,"sceneViewState":{"showFog":true,"showMaterialUpdate":true,"showSkybox":false,"showFlares":true,"showImageEffects":true,"showParticleSystems":true},"in2DMode":false,"pivot":{"x":696.6275024414063,"y":210.348876953125,"z":277.87261962890627},"rotation":{"x":0.08226128667593003,"y":0.0525105744600296,"z":0.006409123539924622,"w":0.9963099956512451},"size":269.9146423339844,"orthographic":false}