{"cameraMode":{"drawMode":0,"name":"Shaded","section":"Shading Mode"},"sceneLighting":false,"audioPlay":false,"sceneViewState":{"showFog":true,"showMaterialUpdate":true,"showSkybox":false,"showFlares":true,"showImageEffects":true,"showParticleSystems":true},"in2DMode":false,"pivot":{"x":0.5235795974731445,"y":7.793055057525635,"z":-2.0572872161865236},"rotation":{"x":0.14699308574199677,"y":0.648858368396759,"z":-0.1255076676607132,"w":0.7370353937149048},"size":8.514693260192871,"orthographic":false}