{"cameraMode":{"drawMode":0,"name":"Shaded","section":"Shading Mode"},"sceneLighting":true,"audioPlay":false,"sceneViewState":{"showFog":true,"showMaterialUpdate":true,"showSkybox":true,"showFlares":true,"showImageEffects":true,"showParticleSystems":true},"in2DMode":false,"pivot":{"x":324.9095764160156,"y":62.682308197021487,"z":-126.35807037353516},"rotation":{"x":-0.10648436844348908,"y":0.0490461103618145,"z":0.014549989253282547,"w":0.9940847158432007},"size":3.784210681915283,"orthographic":false}