{"cameraMode":{"drawMode":0,"name":"Shaded","section":"Shading Mode"},"sceneLighting":false,"audioPlay":false,"sceneViewState":{"showFog":true,"showMaterialUpdate":true,"showSkybox":false,"showFlares":true,"showImageEffects":true,"showParticleSystems":true},"in2DMode":false,"pivot":{"x":3.0318305492401125,"y":3.844900369644165,"z":-3.0464789867401125},"rotation":{"x":-0.15832671523094178,"y":0.007697718217968941,"z":-0.001234683906659484,"w":-0.9873592853546143},"size":1.4239882230758668,"orthographic":false}