{"cameraMode":{"drawMode":0,"name":"Shaded","section":"Shading Mode"},"sceneLighting":false,"audioPlay":false,"sceneViewState":{"showFog":true,"showMaterialUpdate":true,"showSkybox":false,"showFlares":true,"showImageEffects":true,"showParticleSystems":true},"in2DMode":false,"pivot":{"x":-21.71211814880371,"y":16.169448852539064,"z":9.680964469909668},"rotation":{"x":0.22169186174869538,"y":-0.18473738431930543,"z":0.04142601042985916,"w":0.9572427272796631},"size":1.3141429424285889,"orthographic":false}