{"cameraMode":{"drawMode":0,"name":"Shaded","section":"Shading Mode"},"sceneLighting":false,"audioPlay":false,"sceneViewState":{"showFog":true,"showMaterialUpdate":true,"showSkybox":false,"showFlares":true,"showImageEffects":true,"showParticleSystems":true},"in2DMode":false,"pivot":{"x":4.51052188873291,"y":2.0240299701690676,"z":0.14590290188789369},"rotation":{"x":0.05924251675605774,"y":-0.7194057106971741,"z":0.07103855162858963,"w":0.6897962689399719},"size":1.7223104238510132,"orthographic":false}