{"cameraMode":{"drawMode":0,"name":"Shaded","section":"Shading Mode"},"sceneLighting":false,"audioPlay":false,"sceneViewState":{"showFog":true,"showMaterialUpdate":true,"showSkybox":false,"showFlares":true,"showImageEffects":true,"showParticleSystems":true},"in2DMode":false,"pivot":{"x":-36.42977523803711,"y":13.980140686035157,"z":-3.6057491302490236},"rotation":{"x":-0.0897199735045433,"y":0.8836545944213867,"z":-0.18429149687290193,"w":-0.4220247268676758},"size":10.920249938964844,"orthographic":false}