{"cameraMode":{"drawMode":0,"name":"Shaded","section":"Shading Mode"},"sceneLighting":false,"audioPlay":false,"sceneViewState":{"showFog":true,"showMaterialUpdate":true,"showSkybox":false,"showFlares":true,"showImageEffects":true,"showParticleSystems":true},"in2DMode":false,"pivot":{"x":3.2494630813598635,"y":1.2068533897399903,"z":0.15927349030971528},"rotation":{"x":0.0780087411403656,"y":-0.723246157169342,"z":0.09225323796272278,"w":0.6813515424728394},"size":1.155678391456604,"orthographic":false}