{"cameraMode":{"drawMode":0,"name":"Shaded","section":"Shading Mode"},"sceneLighting":false,"audioPlay":false,"sceneViewState":{"showFog":true,"showMaterialUpdate":true,"showSkybox":false,"showFlares":true,"showImageEffects":true,"showParticleSystems":true},"in2DMode":false,"pivot":{"x":3.141045570373535,"y":4.822603225708008,"z":-1.7052539587020875},"rotation":{"x":0.2939852476119995,"y":0.026380464434623719,"z":-0.008112750016152859,"w":0.9554440975189209},"size":1.7387118339538575,"orthographic":false}