{"cameraMode":{"drawMode":0,"name":"Shaded","section":"Shading Mode"},"sceneLighting":false,"audioPlay":false,"sceneViewState":{"showFog":true,"showMaterialUpdate":true,"showSkybox":false,"showFlares":true,"showImageEffects":true,"showParticleSystems":true},"in2DMode":false,"pivot":{"x":-20.701501846313478,"y":19.32819175720215,"z":8.743593215942383},"rotation":{"x":0.268886923789978,"y":0.2390982210636139,"z":-0.05854962021112442,"w":0.9323462247848511},"size":4.408749103546143,"orthographic":false}