{"cameraMode":{"drawMode":0,"name":"Shaded","section":"Shading Mode"},"sceneLighting":false,"audioPlay":false,"sceneViewState":{"showFog":true,"showMaterialUpdate":true,"showSkybox":false,"showFlares":true,"showImageEffects":true,"showParticleSystems":true},"in2DMode":false,"pivot":{"x":1.821440577507019,"y":7.514883041381836,"z":-10.891940116882325},"rotation":{"x":-0.12848132848739625,"y":-0.04996713250875473,"z":0.0064798444509506229,"w":-0.9904430508613586},"size":3.2865374088287355,"orthographic":false}