{"cameraMode":{"drawMode":0,"name":"Shaded","section":"Shading Mode"},"sceneLighting":false,"audioPlay":false,"sceneViewState":{"showFog":true,"showMaterialUpdate":true,"showSkybox":false,"showFlares":true,"showImageEffects":true,"showParticleSystems":true},"in2DMode":false,"pivot":{"x":-40.09816360473633,"y":16.77298927307129,"z":-0.24566300213336945},"rotation":{"x":-0.05720984935760498,"y":0.8609755039215088,"z":-0.09589006751775742,"w":-0.49720805883407595},"size":10.920249938964844,"orthographic":false}