{"cameraMode":{"drawMode":0,"name":"Shaded","section":"Shading Mode"},"sceneLighting":false,"audioPlay":false,"sceneViewState":{"showFog":true,"showMaterialUpdate":true,"showSkybox":false,"showFlares":true,"showImageEffects":true,"showParticleSystems":true},"in2DMode":false,"pivot":{"x":382.7458190917969,"y":61.508522033691409,"z":-203.83091735839845},"rotation":{"x":0.3454590439796448,"y":0.4363980293273926,"z":-0.18568670749664308,"w":0.8103424906730652},"size":51.665771484375,"orthographic":false}