{"cameraMode":{"drawMode":0,"name":"Shaded","section":"Shading Mode"},"sceneLighting":false,"audioPlay":false,"sceneViewState":{"showFog":true,"showMaterialUpdate":true,"showSkybox":false,"showFlares":true,"showImageEffects":true,"showParticleSystems":true},"in2DMode":false,"pivot":{"x":0.31609344482421877,"y":-0.17075277864933015,"z":-0.31910932064056399},"rotation":{"x":-0.22407932579517365,"y":-0.07602905482053757,"z":-0.008646911010146141,"w":0.9731447100639343},"size":3.597870349884033,"orthographic":false}