{"cameraMode":{"drawMode":0,"name":"Shaded","section":"Shading Mode"},"sceneLighting":true,"audioPlay":false,"sceneViewState":{"showFog":true,"showMaterialUpdate":true,"showSkybox":true,"showFlares":true,"showImageEffects":true,"showParticleSystems":true},"in2DMode":false,"pivot":{"x":275.58941650390627,"y":59.103397369384769,"z":-25.299686431884767},"rotation":{"x":0.09460707753896713,"y":0.2067255675792694,"z":-0.019934924319386483,"w":0.9737529158592224},"size":216.0767364501953,"orthographic":false}