{"cameraMode":{"drawMode":0,"name":"Shaded","section":"Shading Mode"},"sceneLighting":false,"audioPlay":false,"sceneViewState":{"showFog":true,"showMaterialUpdate":true,"showSkybox":false,"showFlares":true,"showImageEffects":true,"showParticleSystems":true},"in2DMode":false,"pivot":{"x":7.440213203430176,"y":4.676808834075928,"z":-1.4440357685089112},"rotation":{"x":0.23025141656398774,"y":-0.35889384150505068,"z":0.09183192253112793,"w":0.8998602628707886},"size":1.9835399389266968,"orthographic":false}