{"cameraMode":{"drawMode":0,"name":"Shaded","section":"Shading Mode"},"sceneLighting":false,"audioPlay":false,"sceneViewState":{"showFog":true,"showMaterialUpdate":true,"showSkybox":false,"showFlares":true,"showImageEffects":true,"showParticleSystems":true},"in2DMode":false,"pivot":{"x":2.876335382461548,"y":2.1667115688323976,"z":-4.698083877563477},"rotation":{"x":0.11704923212528229,"y":-0.13954775035381318,"z":0.016628287732601167,"w":0.9831452369689941},"size":4.924112319946289,"orthographic":false}