{"cameraMode":{"drawMode":0,"name":"Shaded","section":"Shading Mode"},"sceneLighting":false,"audioPlay":false,"sceneViewState":{"showFog":true,"showMaterialUpdate":true,"showSkybox":false,"showFlares":true,"showImageEffects":true,"showParticleSystems":true},"in2DMode":false,"pivot":{"x":183.69126892089845,"y":302.23980712890627,"z":-327.9238586425781},"rotation":{"x":-0.0017127363244071603,"y":0.07989874482154846,"z":-0.008027627132833004,"w":-0.998384416103363},"size":10.0,"orthographic":false}