{"cameraMode":{"drawMode":0,"name":"Shaded","section":"Shading Mode"},"sceneLighting":false,"audioPlay":false,"sceneViewState":{"showFog":true,"showMaterialUpdate":true,"showSkybox":false,"showFlares":true,"showImageEffects":true,"showParticleSystems":true},"in2DMode":false,"pivot":{"x":8.187982559204102,"y":13.239490509033204,"z":23.816997528076173},"rotation":{"x":-0.03697632998228073,"y":-0.9401931166648865,"z":0.3213268518447876,"w":-0.10814604163169861},"size":64.5156021118164,"orthographic":false}