{"cameraMode":{"drawMode":0,"name":"Shaded","section":"Shading Mode"},"sceneLighting":true,"audioPlay":false,"sceneViewState":{"showFog":true,"showMaterialUpdate":true,"showSkybox":true,"showFlares":true,"showImageEffects":true,"showParticleSystems":true},"in2DMode":false,"pivot":{"x":341.650146484375,"y":76.0539779663086,"z":-134.43612670898438},"rotation":{"x":0.019287794828414918,"y":-0.09991258382797241,"z":0.011809773743152619,"w":0.996334433555603},"size":3.397135019302368,"orthographic":false}