{"cameraMode":{"drawMode":0,"name":"Shaded","section":"Shading Mode"},"sceneLighting":true,"audioPlay":false,"sceneViewState":{"showFog":true,"showMaterialUpdate":true,"showSkybox":true,"showFlares":true,"showImageEffects":true,"showParticleSystems":true},"in2DMode":false,"pivot":{"x":188.5918426513672,"y":52.48512268066406,"z":-260.1459045410156},"rotation":{"x":0.06957154721021652,"y":0.8442045450210571,"z":-0.07770900428295136,"w":0.5292056202888489},"size":97.30625915527344,"orthographic":false}