{"cameraMode":{"drawMode":0,"name":"Shaded","section":"Shading Mode"},"sceneLighting":false,"audioPlay":false,"sceneViewState":{"showFog":true,"showMaterialUpdate":true,"showSkybox":false,"showFlares":true,"showImageEffects":true,"showParticleSystems":true},"in2DMode":false,"pivot":{"x":-4.24968147277832,"y":-1.6778346300125123,"z":4.251711368560791},"rotation":{"x":-0.15427502989768983,"y":0.4938168227672577,"z":-0.09892856329679489,"w":-0.8519233465194702},"size":9.095131874084473,"orthographic":false}