{"cameraMode":{"drawMode":0,"name":"Shaded","section":"Shading Mode"},"sceneLighting":false,"audioPlay":false,"sceneViewState":{"showFog":true,"showMaterialUpdate":true,"showSkybox":false,"showFlares":true,"showImageEffects":true,"showParticleSystems":true},"in2DMode":false,"pivot":{"x":20.983633041381837,"y":31.43035125732422,"z":-18.333759307861329},"rotation":{"x":0.19467203319072724,"y":-0.4212889075279236,"z":0.09310352057218552,"w":0.8808858394622803},"size":10.0,"orthographic":false}