{"cameraMode":{"drawMode":0,"name":"Shaded","section":"Shading Mode"},"sceneLighting":false,"audioPlay":false,"sceneViewState":{"showFog":true,"showMaterialUpdate":true,"showSkybox":false,"showFlares":true,"showImageEffects":true,"showParticleSystems":true},"in2DMode":false,"pivot":{"x":-0.10319757461547852,"y":0.2600581645965576,"z":-0.09562921524047852},"rotation":{"x":0.037089668214321139,"y":0.22393451631069184,"z":0.002496412256732583,"w":-0.9754727482795715},"size":3.546485662460327,"orthographic":false}