{"cameraMode":{"drawMode":0,"name":"Shaded","section":"Shading Mode"},"sceneLighting":true,"audioPlay":false,"sceneViewState":{"showFog":true,"showMaterialUpdate":true,"showSkybox":true,"showFlares":true,"showImageEffects":true,"showParticleSystems":true},"in2DMode":false,"pivot":{"x":4102.90478515625,"y":-344.4134216308594,"z":4073.059814453125},"rotation":{"x":0.02988523244857788,"y":0.39263296127319338,"z":-0.039040353149175647,"w":0.920025110244751},"size":5166.724609375,"orthographic":false}