{"cameraMode":{"drawMode":0,"name":"Shaded","section":"Shading Mode"},"sceneLighting":false,"audioPlay":false,"sceneViewState":{"showFog":true,"showMaterialUpdate":true,"showSkybox":false,"showFlares":true,"showImageEffects":true,"showParticleSystems":true},"in2DMode":false,"pivot":{"x":3.151416778564453,"y":-1.4914336204528809,"z":-2.8130545616149904},"rotation":{"x":-0.029440587386488916,"y":0.15869541466236115,"z":-0.011256329715251923,"w":-0.9876711964607239},"size":9.586418151855469,"orthographic":false}