{"cameraMode":{"drawMode":0,"name":"Shaded","section":"Shading Mode"},"sceneLighting":false,"audioPlay":false,"sceneViewState":{"showFog":true,"showMaterialUpdate":true,"showSkybox":false,"showFlares":true,"showImageEffects":true,"showParticleSystems":true},"in2DMode":false,"pivot":{"x":-54.94169235229492,"y":16.139097213745118,"z":10.908849716186524},"rotation":{"x":-0.11034923791885376,"y":-0.5546890497207642,"z":0.06544020026922226,"w":-0.8231472373008728},"size":2.279480457305908,"orthographic":false}