{"cameraMode":{"drawMode":0,"name":"Shaded","section":"Shading Mode"},"sceneLighting":false,"audioPlay":false,"sceneViewState":{"showFog":true,"showMaterialUpdate":true,"showSkybox":false,"showFlares":true,"showImageEffects":true,"showParticleSystems":true},"in2DMode":false,"pivot":{"x":4.967223167419434,"y":3.461954116821289,"z":-4.53169059753418},"rotation":{"x":-0.07920176535844803,"y":0.32883062958717348,"z":-0.027686934918165208,"w":-0.9406572580337524},"size":1.4239882230758668,"orthographic":false}